[17Jul2026 23:15:32.580] [main/INFO] [cpw.mods.modlauncher.Launcher/MODLAUNCHER]: ModLauncher running: args [--launchTarget, forgeserver, --fml.forgeVersion, 47.3.7, --fml.mcVersion, 1.20.1, --fml.forgeGroup, net.minecraftforge, --fml.mcpVersion, 20230612.114412, nogui]
[17Jul2026 23:15:32.585] [main/INFO] [cpw.mods.modlauncher.Launcher/MODLAUNCHER]: ModLauncher 10.0.9+10.0.9+main.dcd20f30 starting: java version 17.0.19 by Ubuntu; OS Linux arch amd64 version 6.8.0-1052-azure
[17Jul2026 23:15:36.038] [main/INFO] [net.minecraftforge.fml.loading.ImmediateWindowHandler/]: ImmediateWindowProvider not loading because launch target is forgeserver
[17Jul2026 23:15:36.099] [main/INFO] [mixin/]: SpongePowered MIXIN Subsystem Version=0.8.5 Source=union:/workspaces/server/servidor_minecraft/libraries/org/spongepowered/mixin/0.8.5/mixin-0.8.5.jar%2363!/ Service=ModLauncher Env=SERVER
[17Jul2026 23:15:36.742] [main/WARN] [net.minecraftforge.fml.loading.moddiscovery.ModFileParser/LOADING]: Mod file /workspaces/server/servidor_minecraft/libraries/net/minecraftforge/fmlcore/1.20.1-47.3.7/fmlcore-1.20.1-47.3.7.jar is missing mods.toml file
[17Jul2026 23:15:36.744] [main/WARN] [net.minecraftforge.fml.loading.moddiscovery.ModFileParser/LOADING]: Mod file /workspaces/server/servidor_minecraft/libraries/net/minecraftforge/javafmllanguage/1.20.1-47.3.7/javafmllanguage-1.20.1-47.3.7.jar is missing mods.toml file
[17Jul2026 23:15:36.745] [main/WARN] [net.minecraftforge.fml.loading.moddiscovery.ModFileParser/LOADING]: Mod file /workspaces/server/servidor_minecraft/libraries/net/minecraftforge/lowcodelanguage/1.20.1-47.3.7/lowcodelanguage-1.20.1-47.3.7.jar is missing mods.toml file
[17Jul2026 23:15:36.746] [main/WARN] [net.minecraftforge.fml.loading.moddiscovery.ModFileParser/LOADING]: Mod file /workspaces/server/servidor_minecraft/libraries/net/minecraftforge/mclanguage/1.20.1-47.3.7/mclanguage-1.20.1-47.3.7.jar is missing mods.toml file
[17Jul2026 23:15:37.884] [main/WARN] [net.minecraftforge.jarjar.selection.JarSelector/]: Attempted to select a dependency jar for JarJar which was passed in as source: expandability. Using Mod File: /workspaces/server/servidor_minecraft/mods/expandability-9.0.4.jar
[17Jul2026 23:15:37.884] [main/INFO] [net.minecraftforge.fml.loading.moddiscovery.JarInJarDependencyLocator/]: Found 70 dependencies adding them to mods collection
[17Jul2026 23:15:45.381] [main/INFO] [mixin/]: Compatibility level set to JAVA_17
[17Jul2026 23:15:45.785] [main/ERROR] [mixin/]: Mixin config fabric-item-group-api-v1.mixins.json does not specify "minVersion" property
[17Jul2026 23:15:45.791] [main/ERROR] [mixin/]: Mixin config fabric-item-group-api-v1.client.mixins.json does not specify "minVersion" property
[17Jul2026 23:15:45.878] [main/ERROR] [mixin/]: Mixin config fabric-item-api-v1.client.mixins.json does not specify "minVersion" property
[17Jul2026 23:15:45.928] [main/ERROR] [mixin/]: Mixin config fabric-data-attachment-api-v1.mixins.json does not specify "minVersion" property
[17Jul2026 23:15:45.936] [main/ERROR] [mixin/]: Mixin config fabric-data-attachment-api-v1.client.mixins.json does not specify "minVersion" property
[17Jul2026 23:15:46.454] [main/INFO] [mixin/]: Successfully loaded Mixin Connector [de.maxhenkel.tradecycling.MixinConnector]
[17Jul2026 23:15:46.457] [main/INFO] [mixin/]: Successfully loaded Mixin Connector [de.maxhenkel.car.MixinConnector]
[17Jul2026 23:15:46.463] [main/INFO] [net.fabricmc.loader.impl.bootstrap.FabricLoaderBootstrap/]: Propagating FML mod list to Fabric Loader
[17Jul2026 23:15:46.485] [main/INFO] [cpw.mods.modlauncher.LaunchServiceHandler/MODLAUNCHER]: Launching target 'forgeserver' with arguments [nogui]
[17Jul2026 23:15:46.749] [main/INFO] [ModernFix/]: Loaded configuration file for ModernFix 5.27.51+mc1.20.1: 109 options available, 0 override(s) found
[17Jul2026 23:15:46.750] [main/INFO] [ModernFix/]: Applying Nashorn fix
[17Jul2026 23:15:46.767] [main/INFO] [ModernFix/]: Applied Forge config corruption patch
[17Jul2026 23:15:46.818] [main/WARN] [mixin/]: Reference map '' for chat_heads.forge.mixins.json could not be read. If this is a development environment you can ignore this message
[17Jul2026 23:15:46.828] [main/INFO] [Embeddium/]: Loaded configuration file for Embeddium: 322 options available, 0 override(s) found
[17Jul2026 23:15:46.957] [main/INFO] [Radium Config/]: Loaded configuration file for Radium: 125 options available, 1 override(s) found
[17Jul2026 23:15:46.978] [main/WARN] [mixin/]: Reference map 'harvest_with_ease.refmap.json' for harvest_with_ease.mixins.json could not be read. If this is a development environment you can ignore this message
[17Jul2026 23:15:46.981] [main/WARN] [mixin/]: Reference map 'harvest_with_ease.refmap.json' for harvest_with_ease.forge.mixins.json could not be read. If this is a development environment you can ignore this message
[17Jul2026 23:15:47.002] [main/WARN] [mixin/]: Reference map 'graveyard-FORGE-forge-refmap.json' for graveyard-forge.mixins.json could not be read. If this is a development environment you can ignore this message
[17Jul2026 23:15:47.061] [main/WARN] [mixin/]: Reference map 'puzzlesaccessapi.common.refmap.json' for puzzlesaccessapi.common.mixins.json could not be read. If this is a development environment you can ignore this message
[17Jul2026 23:15:47.174] [main/WARN] [mixin/]: Reference map 'fastpaintings-forge-refmap.json' for fastpaintings-forge.mixins.json could not be read. If this is a development environment you can ignore this message
[17Jul2026 23:15:47.331] [main/INFO] [Puzzles Lib/]: Loading 276 mods:
	- adorable_eggs 1.0.3
	- aiimprovements 0.5.2
	- alexsmobs 1.22.9
	- alltheleaks 1.1.1+1.20.1-forge
		\-- mixinsquared 0.3.6-beta.1
	- alternate_current 1.7.0
	- animal_armor_trims 2.3.1
	- another_furniture 1.20.1-3.0.4
	- ante 1.1
	- apocalypsenow 3.0.5
	- architectury 9.2.14
	- artifacts 9.5.19
	- atlaslib 1.1.12
	- attributefix 21.0.5
	- automessage 3.0.0
	- badoptimizations 2.4.1
	- balm 7.3.27
		\-- kuma_api 20.1.10
	- beb 6.0.0
	- beefix 1.0.7
	- bendylib 4.0.0
	- betteradvancements 0.4.2.60
	- betteranimationscollection 8.0.1
	- betterarcheology 1.2.1-1.20.1
	- bettercombat 1.9.0+1.20.1
	- betterfpsdist 1.20.1-6.0
	- bettermineshafts 1.20-Forge-4.0.4
	- biomesoplenty 19.0.0.96
	- blueprint 7.1.3
	- boatload 5.0.1
	- bookshelf 20.2.15
	- buildersdelight 1.2.1
	- car 1.20.1-1.0.42
	- carryon 2.1.2.7
	- cataclysm 3.31
	- cerbons_api 1.0.0
	- chat_heads 0.15.2
	- chunksending 1.20.1-2.8
	- citadel 2.6.3
	- cleanview 1.20.1-v1
	- clientcrafting 1.20.1-2.1
	- cloth_config 11.1.136
	- clumps 12.0.0.4
	- cobweb 1.0.1
	- collective 8.32
	- comforts 6.4.0+1.20.1
	- connectedglass 1.1.14
	- connectivity 1.20.1-7.6
	- controlling 12.0.2
	- corgilib 4.0.3.4
	- coroutil 1.20.1-1.3.7
	- cosmeticarmorreworked 1.20.1-v1a
	- crabclaws 1.2.0
	- create 6.0.8
		|-- flywheel 1.0.5
		\-- ponder 1.0.91
	- create_central_kitchen 1.5.0
	- create_sa 2.1.2
	- createaddition 1.20.1-1.3.3
	- createbigcannons 5.11.4
	- createdeco 2.0.3-1.20.1-forge
	- creativecore 2.12.39
	- crittersandcompanions 1.20.1-2.3.5
	- crossbowverhaul 1.7.1
	- cupboard 1.20.1-3.7
	- curios 5.14.1+1.20.1
	- dataanchor 1.0.0.20
	- deeperdarker 1.3.3
	- default_skill_trees 1.1
	- defaultoptions 18.0.5
	- deuf 1.20.1-1.3
	- disenchanting_table 5.0.2
	- dtbop 1.20.1-3.3.4
	- dungeoncrawl 2.3.15
	- dungeons_arise 2.1.58-1.20.x
	- durabilitytooltip 1.1.6
	- dynamictrees 1.20.1-1.4.11
	- easy_villagers 1.20.1-1.1.23
	- ecologics 2.2.6
	- embeddium 0.3.31+mc1.20.1
		\-- rubidium 0.7.1
	- embellishcraft 1.20.1-7.0.0.0
	- enchdesc 17.1.21
	- ender_pack 2.2.0
	- enhancedcelestials 1.20.1-5.0.3.2
	- entityculling 1.10.5
	- epicpowerbracelets 1.1.0
	- equipmentcompare 1.3.7
	- euphoria_patcher 1.9.3-r5.8.1-forge
	- exclusive_weapons 1.0.0
	- expandability 9.0.4
	- explorerscompass 1.20.1-1.4.0-forge
	- eyesinthedarkness 1.3.10
	- fallingleaves 2.1.2
	- fancymenu 3.9.3
	- farmersdelight 1.20.1-1.3.2
	- fastasyncworldsave 1.20.1-2.6
	- fastipping 1.0.11
	- fastpaintings 1.20-1.2.7
	- ferritecore 6.0.1
	- forge 47.3.7
	- fusion 1.3.3
	- geckolib 4.8.4
	- glitchcore 0.0.1.1
	- globalxp 1.12
	- gpumemleakfix 1.20.1-1.8
	- graveyard 3.1
	- harvest_with_ease 9.4.0
	- horror_element_mod 1.6.3
	- iceberg 1.1.25
	- immediatelyfast 1.5.4+1.20.4
	- immersive_aircraft 1.4.1+1.20.1
	- immersive_weathering 1.20.1-2.0.5
	- incontrol 1.20-9.2.11
	- inventoryhud 3.4.26
	- itemfilters 2001.1.0-build.59
	- jade 11.13.2+forge
	- jadeaddons 5.5.1+forge
	- jearchaeology 1.20.1-1.0.4
	- jei 15.20.0.112
	- justenoughprofessions 3.0.1
	- justhammers 2.0.3+mc1.20.1
	- justzoom 2.1.1
	- konkrete 1.8.0
	- krypton 0.2.3
	- limitedchunks 1.8
	- lionfishapi 3.0
	- loadingbackgrounds 2.0.0
	- longer_following_time 1.1.0
	- lootintegrations 1.20.1-4.7
	- lootintegrations_yungs 1
	- lootr 0.7.35.94
	- lostcities 1.20-7.4.13
	- lostsouls 1.20-4.1.6
	- mapperbase 1.20.1-6.0.0.0
	- mcwfences 1.2.1
	- mcwholidays 1.1.2
	- medieval_buildings 1.1.3
	- medieval_nether 1.0.2
	- medievalend 1.0.1
	- mekanism 10.4.16
	- mekanismadditions 10.4.16
	- mekanismgenerators 10.4.16
	- mekanismtools 10.4.16
	- melody 1.0.2
	- minecraft 1.20.1
	- mobsunscreen 3.1.1
	- mobtimizations 1.20.1-1.0.1
	- modernfix 5.27.51+mc1.20.1
	- monolib 4.0.2
	- moonlight 1.20-2.16.34
	- more_beautiful_torches 3.0.0
	- more_useful_copper 3.0.0
	- mousetweaks 2.25.1
	- mowziesmobs 1.8.2
	- mutantmonsters 8.0.8
	- nameless_trinkets 1.20.1-1.8.5
	- naturescompass 1.20.1-1.12.0-forge
	- netherportalfix 13.0.1
	- new_shield_variants 2.2.0
	- new_slab_variants 3.0.1
	- notenoughanimations 1.12.4
		|-- transition 1.0.21
		\-- trender 1.0.15
	- overclocked_watches 1.1.0
	- pickaxetrims 1.0.1
	- placebo 8.6.3
	- platform 1.3.4
	- playeranimator 1.0.2-rc1+1.20
	- playerrevive 2.0.31
	- polymorph 0.49.10+1.20.1
		\-- spectrelib 0.13.17+1.20.1
	- presencefootsteps 1.20.1-1.9.1-beta.1
	- puffish_attributes 0.8.2
	- puffish_skills 0.18.0
	- puzzleslib 8.1.33
		\-- puzzlesaccessapi 20.1.1
	- quark 4.0-462
	- radium 0.12.4+git.26c9d8e
	- railways 1.7.2+forge-mc1.20.1
	- recipeessentials 1.20.1-4.0
	- redirected 1.0.0
	- refinedstorage 1.12.4
	- refinedstorageaddons 0.10.0
	- ritchiesprojectilelib 2.1.1
	- rocks 1.5.1
	- searchables 1.0.3
	- securitycraft 1.10.1
	- sereneseasons 9.1.0.3
	- simpleplanes 1.20.1-5.3.3
	- skinlayers3d 1.11.2
	- smallships 2.0.0-b1.4
	- smoothchunk 1.20.1-4.1
	- sophisticatedbackpacks 3.24.58.1934
	- sophisticatedcore 1.3.56.2058
	- spark 1.10.53
	- stackable_stew_and_soup 2.0.1
	- stalwart_dungeons 1.2.8
	- starterkit 8.1
	- startinv 1.0.0
	- storagedrawers 12.14.3
	- structureessentials 1.20.1-5.0
	- super_ore_block 1.0.0
	- supermartijn642configlib 1.1.8
	- supermartijn642corelib 1.1.21
	- tacz 1.1.8-hotfix
		\-- simplebedrockmodel 2.2.2-forge+mc1.20.1
	- terrablender 3.0.1.10
	- timeondisplay 2.0.0
	- toastcontrol 8.0.3
	- tombstone 9.1.0
	- toofast 0.4.3.5
	- torohealth 1.0.0
	- trade_cycling 1.20.1-1.0.7
	- trashcans 1.0.18b
	- trashslot 15.1.2
	- travelerstitles 1.20-Forge-4.0.2
	- trimeffects 2.1.2
	- twilightforest 4.3.2508
	- txnilib 1.0.24
		|-- fabric_api 0.92.2+1.11.12+1.20.1
		|-- fabric_api_base 0.4.31+ef105b4977
		|-- fabric_api_lookup_api_v1 1.6.36+67f9824077
		|-- fabric_biome_api_v1 13.0.13+dc36698e77
		|-- fabric_block_api_v1 1.0.11+0e6cb7f777
		|-- fabric_block_view_api_v2 1.0.1+0767707077
		|-- fabric_blockrenderlayer_v1 1.1.41+1d0da21e77
		|-- fabric_client_tags_api_v1 1.1.2+5d6761b877
		|-- fabric_command_api_v1 1.2.34+f71b366f77
		|-- fabric_command_api_v2 2.2.13+561530ec77
		|-- fabric_content_registries_v0 4.0.11+a670df1e77
		|-- fabric_convention_tags_v1 1.5.5+fa3d1c0177
		|-- fabric_data_attachment_api_v1 1.0.0+30ef839e77
		|-- fabric_data_generation_api_v1 12.3.4+369cb3a477
		|-- fabric_dimensions_v1 2.1.54+8005d10d77
		|-- fabric_entity_events_v1 1.6.0+4ca7515277
		|-- fabric_events_interaction_v0 0.6.2+0d0bd5a777
		|-- fabric_game_rule_api_v1 1.0.40+683d4da877
		|-- fabric_item_api_v1 2.1.28+4d0bbcfa77
		|-- fabric_item_group_api_v1 4.0.12+c9161c2d77
		|-- fabric_key_binding_api_v1 1.0.37+561530ec77
		|-- fabric_lifecycle_events_v1 2.2.22+afab492177
		|-- fabric_loot_api_v2 1.2.1+eb28f93e77
		|-- fabric_message_api_v1 5.1.9+52cc178c77
		|-- fabric_mining_level_api_v1 2.1.50+561530ec77
		|-- fabric_model_loading_api_v1 1.0.3+6274ab9d77
		|-- fabric_models_v0 0.4.2+7c3892a477
		|-- fabric_networking_api_v1 1.3.11+503a202477
		|-- fabric_object_builder_api_v1 11.1.3+4bd998fa77
		|-- fabric_particles_v1 1.1.2+78e1ecb877
		|-- fabric_recipe_api_v1 1.0.21+514a076577
		|-- fabric_registry_sync_v0 2.3.3+1c0ea72177
		|-- fabric_renderer_api_v1 3.2.1+cf68abbe77
		|-- fabric_renderer_indigo 1.5.2+b5b2da4177
		|-- fabric_rendering_data_attachment_v1 0.3.37+a6081afc77
		|-- fabric_rendering_fluids_v1 3.0.28+4ac5e37a77
		|-- fabric_rendering_v1 3.0.8+66e9a48f77
		|-- fabric_resource_conditions_api_v1 2.3.8+9e342fc177
		|-- fabric_resource_loader_v0 0.11.10+bcd08ed377
		|-- fabric_screen_api_v1 2.0.8+45a670a577
		|-- fabric_screen_handler_api_v1 1.3.30+561530ec77
		|-- fabric_sound_api_v1 1.0.13+4f23bd8477
		|-- fabric_transfer_api_v1 3.3.5+631c9cd677
		\-- fabric_transitive_access_wideners_v1 4.3.1+1880499877
	- undead_revamp2 1.0.1
	- vanillabackport 1.1.7.10
	- voicechat 1.20.1-2.6.20
		\-- voicechat_api 2.6.20
	- waterframes 2.1.15
	- waystones 14.1.11
	- wegotrunnners 1.0.0
	- wider_ender_chests 1.0.4
	- xaerominimap 25.2.10
	- xaeroworldmap 1.39.12
	- yeetusexperimentus 2.3.1-build.6+mc1.20.1
	- yungsapi 1.20-Forge-4.0.6
	- zeta 1.0-31
	- zombieawareness 1.20.1-1.13.1
[17Jul2026 23:15:47.533] [main/WARN] [mixin/]: Reference map 'cobweb.refmap.json' for cobweb.mixins.json could not be read. If this is a development environment you can ignore this message
[17Jul2026 23:15:47.538] [main/WARN] [mixin/]: Reference map 'cobweb.refmap.json' for cobweb.forge.mixins.json could not be read. If this is a development environment you can ignore this message
[17Jul2026 23:15:47.618] [main/INFO] [Longer Following Time/]: Loaded forge.com.cursee.longer_following_time.platform.ForgePlatformHelper@46610fc9 for service interface forge.com.cursee.longer_following_time.platform.services.IPlatformHelper
[17Jul2026 23:15:47.619] [main/INFO] [Longer Following Time/]: /workspaces/server/servidor_minecraft/config/longer_following_time.toml exists, loadin configuration from file.
[17Jul2026 23:15:47.663] [main/WARN] [mixin/]: Reference map 'justhammers-common-refmap.json' for justhammers-common.mixins.json could not be read. If this is a development environment you can ignore this message
[17Jul2026 23:15:47.694] [main/WARN] [mixin/]: Reference map 'smallships-forge-refmap.json' for smallships.mixins.json could not be read. If this is a development environment you can ignore this message
[17Jul2026 23:15:47.722] [main/WARN] [mixin/]: Reference map 'trashslot.refmap.json' for trashslot.mixins.json could not be read. If this is a development environment you can ignore this message
[17Jul2026 23:15:47.726] [main/WARN] [mixin/]: Reference map 'limitedchunks.refmap.json' for limitedchunks.mixins.json could not be read. If this is a development environment you can ignore this message
[17Jul2026 23:15:47.996] [main/WARN] [mixin/]: Reference map 'more_beautiful_torches.refmap.json' for forge-more_beautiful_torches.forge.mixins.json could not be read. If this is a development environment you can ignore this message
[17Jul2026 23:15:48.019] [main/WARN] [mixin/]: Reference map 'coroutil.refmap.json' for coroutil.mixins.json could not be read. If this is a development environment you can ignore this message
[17Jul2026 23:15:48.815] [main/ERROR] [net.minecraftforge.fml.loading.RuntimeDistCleaner/DISTXFORM]: Attempted to load class net/minecraft/client/MouseHandler for invalid dist DEDICATED_SERVER
[17Jul2026 23:15:48.816] [main/WARN] [mixin/]: Error loading class: net/minecraft/client/MouseHandler (java.lang.RuntimeException: Attempted to load class net/minecraft/client/MouseHandler for invalid dist DEDICATED_SERVER)
[17Jul2026 23:15:48.816] [main/WARN] [mixin/]: @Mixin target net.minecraft.client.MouseHandler was not found fabric-screen-api-v1.mixins.json:MouseMixin
[17Jul2026 23:15:48.818] [main/ERROR] [net.minecraftforge.fml.loading.RuntimeDistCleaner/DISTXFORM]: Attempted to load class net/minecraft/client/gui/screens/Screen for invalid dist DEDICATED_SERVER
[17Jul2026 23:15:48.818] [main/WARN] [mixin/]: Error loading class: net/minecraft/client/gui/screens/Screen (java.lang.RuntimeException: Attempted to load class net/minecraft/client/gui/screens/Screen for invalid dist DEDICATED_SERVER)
[17Jul2026 23:15:48.819] [main/WARN] [mixin/]: @Mixin target net.minecraft.client.gui.screens.Screen was not found fabric-screen-api-v1.mixins.json:ScreenAccessor
[17Jul2026 23:15:48.846] [main/ERROR] [net.minecraftforge.fml.loading.RuntimeDistCleaner/DISTXFORM]: Attempted to load class net/minecraft/client/renderer/block/BlockRenderDispatcher for invalid dist DEDICATED_SERVER
[17Jul2026 23:15:48.847] [main/WARN] [mixin/]: Error loading class: net/minecraft/client/renderer/block/BlockRenderDispatcher (java.lang.RuntimeException: Attempted to load class net/minecraft/client/renderer/block/BlockRenderDispatcher for invalid dist DEDICATED_SERVER)
[17Jul2026 23:15:48.847] [main/WARN] [mixin/]: @Mixin target net.minecraft.client.renderer.block.BlockRenderDispatcher was not found vanillabackport.mixins.json:access.BlockRenderDispatcherAccessor
[17Jul2026 23:15:49.054] [main/WARN] [mixin/]: Error loading class: net/mehvahdjukaar/stone_zone/api/set/stone/StoneType (java.lang.ClassNotFoundException: net.mehvahdjukaar.stone_zone.api.set.stone.StoneType)
[17Jul2026 23:15:49.061] [main/WARN] [mixin/]: Error loading class: jeresources/api/util/BiomeHelper (java.lang.ClassNotFoundException: jeresources.api.util.BiomeHelper)
[17Jul2026 23:15:49.117] [main/INFO] [net.minecraftforge.coremod.CoreMod.placebo/COREMODLOG]: Patching IForgeItemStack#getEnchantmentLevel
[17Jul2026 23:15:49.127] [main/INFO] [net.minecraftforge.coremod.CoreMod.placebo/COREMODLOG]: Patching IForgeItemStack#getEnchantmentLevel
[17Jul2026 23:15:49.449] [main/WARN] [mixin/]: Error loading class: uk/co/dotcode/asb/ModUtils (java.lang.ClassNotFoundException: uk.co.dotcode.asb.ModUtils)
[17Jul2026 23:15:49.450] [main/WARN] [mixin/]: @Mixin target uk.co.dotcode.asb.ModUtils was not found mobtimizations.mixins.json:MixinArmorSetBonusesImmuneCheck
[17Jul2026 23:15:49.467] [main/WARN] [Radium Config/]: Force-disabling mixin 'alloc.blockstate.StateMixin' as option 'mixin.alloc.blockstate' (added by mods [ferritecore]) disables it and children
[17Jul2026 23:15:49.933] [main/INFO] [AllTheLeaks/]: Class dev.uncandango.alltheleaks.leaks.common.mods.zeta.Issue69 will be loaded as it matches versions: 1.0-31 in [1.0-19,)
[17Jul2026 23:15:49.934] [main/INFO] [AllTheLeaks/]: Mixins added to allowed list: [main.RecipeCrawlHandlerMixin]
[17Jul2026 23:15:49.935] [main/INFO] [AllTheLeaks/]: Class dev.uncandango.alltheleaks.leaks.common.mods.spark.Issue447 will be loaded as it matches versions: 1.10.53 in *
[17Jul2026 23:15:49.936] [main/INFO] [AllTheLeaks/]: Mixins added to allowed list: [main.ForgeServerSparkPluginMixin]
[17Jul2026 23:15:49.936] [main/INFO] [AllTheLeaks/]: Class dev.uncandango.alltheleaks.leaks.common.mods.smallships.UntrackedIssue001 will be loaded as it matches versions: 2.0.0-b1.4 in [2.0.0-b1.4,)
[17Jul2026 23:15:49.937] [main/INFO] [AllTheLeaks/]: Mixins added to allowed list: [main.ChunkMapMixin]
[17Jul2026 23:15:49.938] [main/INFO] [AllTheLeaks/]: Class dev.uncandango.alltheleaks.leaks.common.mods.sereneseasons.UntrackedIssue001 will be loaded as it matches versions: 9.1.0.3 in [9.1.0.0,)
[17Jul2026 23:15:49.939] [main/INFO] [AllTheLeaks/]: Class dev.uncandango.alltheleaks.leaks.common.mods.moonlight.UntrackedIssue001 will be loaded as it matches versions: 1.20-2.16.34 in [1.20-2.13.32,)
[17Jul2026 23:15:49.939] [main/INFO] [AllTheLeaks/]: Mixins added to allowed list: [main.FakeLevelManagerMixin]
[17Jul2026 23:15:49.940] [main/INFO] [AllTheLeaks/]: Class dev.uncandango.alltheleaks.leaks.common.mods.minecraft.UntrackedIssue002 will be loaded as it matches versions: 1.20.1 in 1.20.1
[17Jul2026 23:15:49.940] [main/INFO] [AllTheLeaks/]: Mixins added to allowed list: [main.EntityTickListMixin]
[17Jul2026 23:15:49.940] [main/INFO] [AllTheLeaks/]: Class dev.uncandango.alltheleaks.leaks.common.mods.minecraft.UntrackedIssue001 will be loaded as it matches versions: 1.20.1 in 1.20.1
[17Jul2026 23:15:49.941] [main/INFO] [AllTheLeaks/]: Class dev.uncandango.alltheleaks.leaks.common.mods.forge.UntrackedIssue002 will be loaded as it matches versions: 47.3.7 in [47.2,)
[17Jul2026 23:15:49.942] [main/INFO] [AllTheLeaks/]: Mixins added to allowed list: [accessor.FakePlayerNetHandlerAccessor, accessor.ConnectionAccessor]
[17Jul2026 23:15:49.942] [main/INFO] [AllTheLeaks/]: Class dev.uncandango.alltheleaks.leaks.common.mods.forge.UntrackedIssue001 will be loaded as it matches versions: 47.3.7 in [47.2,)
[17Jul2026 23:15:49.942] [main/INFO] [AllTheLeaks/]: Mixins added to allowed list: [main.ServerPlayerMixin, main.PlayerListMixin, accessor.PlayerAdvancementsAccessor]
[17Jul2026 23:15:49.943] [main/INFO] [AllTheLeaks/]: Class dev.uncandango.alltheleaks.leaks.common.mods.forge.Issue39 will be loaded as it matches versions: 47.3.7 in [47.2,)
[17Jul2026 23:15:49.943] [main/INFO] [AllTheLeaks/]: Class dev.uncandango.alltheleaks.leaks.common.mods.forge.Issue10684 will be loaded as it matches versions: 47.3.7 in *
[17Jul2026 23:15:49.944] [main/INFO] [AllTheLeaks/]: Class dev.uncandango.alltheleaks.leaks.common.mods.fabric_networking_api_v1.UntrackedIssue001 will be loaded as it matches versions: 1.3.11+503a202477 in (,1.3.14)
[17Jul2026 23:15:49.944] [main/INFO] [AllTheLeaks/]: Mixins added to allowed list: [main.ServerPlayNetworkAddonMixin, main.ServerPlayNetworkHandlerMixinSquared]
[17Jul2026 23:15:49.946] [main/INFO] [AllTheLeaks/]: Class dev.uncandango.alltheleaks.leaks.common.mods.curios.UntrackedIssue001 will be loaded as it matches versions: 5.14.1+1.20.1 in [5.9.1,)
[17Jul2026 23:15:49.946] [main/INFO] [AllTheLeaks/]: Mixins added to allowed list: [main.CuriosEventHandlerMixin]
[17Jul2026 23:15:49.947] [main/INFO] [AllTheLeaks/]: Class dev.uncandango.alltheleaks.leaks.common.mods.create.UntrackedIssue001 will be loaded as it matches versions: 6.0.8 in [0.5.1.c,)
[17Jul2026 23:15:49.947] [main/INFO] [AllTheLeaks/]: Mixins added to allowed list: [accessor.ExtendoGripItemAccessor]
[17Jul2026 23:15:49.948] [main/INFO] [AllTheLeaks/]: Class dev.uncandango.alltheleaks.leaks.common.mods.citadel.UntrackedIssue001 will be loaded as it matches versions: 2.6.3 in [2.5.4,)
[17Jul2026 23:15:49.948] [main/INFO] [AllTheLeaks/]: Class dev.uncandango.alltheleaks.leaks.common.mods.architectury.UntrackedIssue001 will be loaded as it matches versions: 9.2.14 in [9.0.8,)
[17Jul2026 23:15:49.948] [main/INFO] [AllTheLeaks/]: Class dev.uncandango.alltheleaks.leaks.common.mods.alexsmobs.Issue2165 will be loaded as it matches versions: 1.22.9 in [1.22.5,)
[17Jul2026 23:15:49.952] [main/INFO] [AllTheLeaks/]: Class dev.uncandango.alltheleaks.fix.common.mods.zeta.FixCopyStack will be loaded as it matches versions: 1.0-31 in *
[17Jul2026 23:15:49.952] [main/INFO] [AllTheLeaks/]: Mixins added to allowed list: [main.StackFixRecipeCrawlHandlerMixin]
[17Jul2026 23:15:49.952] [main/INFO] [AllTheLeaks/]: Class dev.uncandango.alltheleaks.fix.common.mods.modernfix.CancelRLMixin will be loaded as it matches versions: 5.27.51+mc1.20.1 in [5.0.0,)
[17Jul2026 23:15:49.952] [main/INFO] [AllTheLeaks/]: Mixins added to cancel list: [org.embeddedt.modernfix.common.mixin.perf.deduplicate_location.MixinResourceLocation]
[17Jul2026 23:15:49.952] [main/INFO] [AllTheLeaks/]: Class dev.uncandango.alltheleaks.fix.common.mods.jei.FixItemStackCopy will be loaded as it matches versions: 15.20.0.112 in *
[17Jul2026 23:15:49.952] [main/INFO] [AllTheLeaks/]: Mixins added to allowed list: [main.SmithingCategoryExtensionMixin, main.NormalizedTypedItemStackMixin, main.IngredientSetMixin]
[17Jul2026 23:15:49.960] [main/INFO] [AllTheLeaks/]: Class dev.uncandango.alltheleaks.feature.common.mods.minecraft.MemoryMonitor will be loaded as it matches versions: 1.20.1 in 1.20.1
[17Jul2026 23:15:49.961] [main/INFO] [AllTheLeaks/]: Mixins added to allowed list: [main.PlayerMixin, main.ChunkAccessMixin, main.LevelMixin, main.MinecraftServerMixin]
[17Jul2026 23:15:49.961] [main/INFO] [AllTheLeaks/]: Class dev.uncandango.alltheleaks.feature.common.mods.minecraft.ClearLeakedLevelChunks will be loaded as it matches versions: 1.20.1 in 1.20.1
[17Jul2026 23:15:49.961] [main/INFO] [AllTheLeaks/]: Mixins added to allowed list: [accessor.LevelAccessor, main.RebindableTickingBlockEntityWrapperMixin, accessor.LevelChunkAccessor]
[17Jul2026 23:15:50.325] [main/ERROR] [net.minecraftforge.fml.loading.RuntimeDistCleaner/DISTXFORM]: Attempted to load class net/minecraft/client/main/Main for invalid dist DEDICATED_SERVER
[17Jul2026 23:15:50.326] [main/WARN] [mixin/]: Error loading class: net/minecraft/client/main/Main (java.lang.RuntimeException: Attempted to load class net/minecraft/client/main/Main for invalid dist DEDICATED_SERVER)
[17Jul2026 23:15:50.326] [main/WARN] [mixin/]: @Mixin target net.minecraft.client.main.Main was not found euphoria_patcher.mixins.json:EuphoriaPatcherMixin
[17Jul2026 23:15:50.368] [main/INFO] [com.cupboard.Cupboard/]: Loaded config for: recipeessentials.json
[17Jul2026 23:15:50.397] [main/INFO] [com.cupboard.Cupboard/]: Loaded config for: structureessentials.json
[17Jul2026 23:15:50.966] [main/WARN] [mixin/]: Error loading class: net/minecraft/client/multiplayer/resolver/ServerAddressResolver (java.lang.ClassNotFoundException: net.minecraft.client.multiplayer.resolver.ServerAddressResolver)
[17Jul2026 23:15:50.968] [main/WARN] [mixin/]: @Mixin target net.minecraft.client.multiplayer.resolver.ServerAddressResolver was not found fastipping.mixins.json:AddressResolverMixin
[17Jul2026 23:15:51.033] [main/WARN] [mixin/]: Error loading class: net/minecraft/client/renderer/entity/PhantomRenderer (java.lang.ClassNotFoundException: net.minecraft.client.renderer.entity.PhantomRenderer)
[17Jul2026 23:15:51.034] [main/WARN] [mixin/]: @Mixin target net.minecraft.client.renderer.entity.PhantomRenderer was not found mixins.deeperdarker.json:PhantomRendererMixin
[17Jul2026 23:15:51.108] [main/WARN] [mixin/]: Error loading class: net/minecraft/client/gui/screens/inventory/AnvilScreen (java.lang.ClassNotFoundException: net.minecraft.client.gui.screens.inventory.AnvilScreen)
[17Jul2026 23:15:51.109] [main/WARN] [mixin/]: @Mixin target net.minecraft.client.gui.screens.inventory.AnvilScreen was not found ante.mixins.json:AnvilScreenMixin
[17Jul2026 23:15:51.244] [main/WARN] [mixin/]: Error loading class: xfacthd/framedblocks/common/blockentity/doubled/FramedAdjustableDoubleBlockEntity (java.lang.ClassNotFoundException: xfacthd.framedblocks.common.blockentity.doubled.FramedAdjustableDoubleBlockEntity)
[17Jul2026 23:15:51.247] [main/WARN] [mixin/]: @Mixin target xfacthd.framedblocks.common.blockentity.doubled.FramedAdjustableDoubleBlockEntity was not found createbigcannons.mixins.json:compat.FramedAdjustableDoubleBlockEntityAccessor
[17Jul2026 23:15:51.590] [main/ERROR] [net.minecraftforge.fml.loading.RuntimeDistCleaner/DISTXFORM]: Attempted to load class net/minecraft/client/player/AbstractClientPlayer for invalid dist DEDICATED_SERVER
[17Jul2026 23:15:51.591] [main/WARN] [mixin/]: Error loading class: net/minecraft/client/player/AbstractClientPlayer (java.lang.RuntimeException: Attempted to load class net/minecraft/client/player/AbstractClientPlayer for invalid dist DEDICATED_SERVER)
[17Jul2026 23:15:51.591] [main/WARN] [mixin/]: @Mixin target net.minecraft.client.player.AbstractClientPlayer was not found mixins.create_sa.json:AbstractClientPlayerMixin
[17Jul2026 23:15:51.648] [main/ERROR] [net.minecraftforge.fml.loading.RuntimeDistCleaner/DISTXFORM]: Attempted to load class net/minecraft/client/gui/Gui for invalid dist DEDICATED_SERVER
[17Jul2026 23:15:51.648] [main/WARN] [mixin/]: Error loading class: net/minecraft/client/gui/Gui (java.lang.RuntimeException: Attempted to load class net/minecraft/client/gui/Gui for invalid dist DEDICATED_SERVER)
[17Jul2026 23:15:51.648] [main/WARN] [mixin/]: @Mixin target net.minecraft.client.gui.Gui was not found car.mixins.json:GuiMixin
[17Jul2026 23:15:51.650] [main/WARN] [mixin/]: Error loading class: net/minecraft/client/gui/screens/SoundOptionsScreen (java.lang.ClassNotFoundException: net.minecraft.client.gui.screens.SoundOptionsScreen)
[17Jul2026 23:15:51.650] [main/WARN] [mixin/]: @Mixin target net.minecraft.client.gui.screens.SoundOptionsScreen was not found car.mixins.json:SoundOptionsScreenMixin
[17Jul2026 23:15:52.115] [main/INFO] [MixinExtras|Service/]: Initializing MixinExtras via com.llamalad7.mixinextras.service.MixinExtrasServiceImpl(version=0.5.3).
[17Jul2026 23:15:52.888] [main/WARN] [net.minecraft.SystemReport/]: Failed retrieving info for group hardware
java.lang.NoClassDefFoundError: com/sun/jna/Platform
	at oshi.SystemInfo.<clinit>(SystemInfo.java:60) ~[oshi-core-6.2.2.jar%2369!/:6.2.2]
	at net.minecraft.SystemReport.m_143564_(SystemReport.java:52) ~[server-1.20.1-20230612.114412-srg.jar%23539!/:?]
	at net.minecraft.SystemReport.m_143516_(SystemReport.java:82) ~[server-1.20.1-20230612.114412-srg.jar%23539!/:?]
	at net.minecraft.SystemReport.<init>(SystemReport.java:52) ~[server-1.20.1-20230612.114412-srg.jar%23539!/:?]
	at net.minecraft.CrashReport.<init>(CrashReport.java:31) ~[server-1.20.1-20230612.114412-srg.jar%23539!/:?]
	at net.minecraft.CrashReport.m_127529_(CrashReport.java:216) ~[server-1.20.1-20230612.114412-srg.jar%23539!/:?]
	at net.minecraft.server.Main.main(Main.java:116) ~[server-1.20.1-20230612.114412-srg.jar%23539!/:?]
	at jdk.internal.reflect.NativeMethodAccessorImpl.invoke0(Native Method) ~[?:?]
	at jdk.internal.reflect.NativeMethodAccessorImpl.invoke(NativeMethodAccessorImpl.java:77) ~[?:?]
	at jdk.internal.reflect.DelegatingMethodAccessorImpl.invoke(DelegatingMethodAccessorImpl.java:43) ~[?:?]
	at java.lang.reflect.Method.invoke(Method.java:569) ~[?:?]
	at net.minecraftforge.fml.loading.targets.CommonLaunchHandler.runTarget(CommonLaunchHandler.java:111) ~[fmlloader-1.20.1-47.3.7.jar%2367!/:?]
	at net.minecraftforge.fml.loading.targets.CommonLaunchHandler.serverService(CommonLaunchHandler.java:103) ~[fmlloader-1.20.1-47.3.7.jar%2367!/:?]
	at net.minecraftforge.fml.loading.targets.CommonServerLaunchHandler.lambda$makeService$0(CommonServerLaunchHandler.java:27) ~[fmlloader-1.20.1-47.3.7.jar%2367!/:?]
	at cpw.mods.modlauncher.LaunchServiceHandlerDecorator.launch(LaunchServiceHandlerDecorator.java:30) ~[modlauncher-10.0.9.jar%2353!/:?]
	at cpw.mods.modlauncher.LaunchServiceHandler.launch(LaunchServiceHandler.java:53) ~[modlauncher-10.0.9.jar%2353!/:?]
	at cpw.mods.modlauncher.LaunchServiceHandler.launch(LaunchServiceHandler.java:71) ~[modlauncher-10.0.9.jar%2353!/:?]
	at cpw.mods.modlauncher.Launcher.run(Launcher.java:108) ~[modlauncher-10.0.9.jar%2353!/:?]
	at cpw.mods.modlauncher.Launcher.main(Launcher.java:78) ~[modlauncher-10.0.9.jar%2353!/:?]
	at cpw.mods.modlauncher.BootstrapLaunchConsumer.accept(BootstrapLaunchConsumer.java:26) ~[modlauncher-10.0.9.jar%2353!/:?]
	at cpw.mods.modlauncher.BootstrapLaunchConsumer.accept(BootstrapLaunchConsumer.java:23) ~[modlauncher-10.0.9.jar%2353!/:?]
	at cpw.mods.bootstraplauncher.BootstrapLauncher.main(BootstrapLauncher.java:141) ~[bootstraplauncher-1.1.2.jar:?]
Caused by: java.lang.ClassNotFoundException: com.sun.jna.Platform
	at jdk.internal.loader.BuiltinClassLoader.loadClass(BuiltinClassLoader.java:641) ~[?:?]
	at java.lang.ClassLoader.loadClass(ClassLoader.java:525) ~[?:?]
	at cpw.mods.cl.ModuleClassLoader.loadClass(ModuleClassLoader.java:137) ~[securejarhandler-2.1.10.jar:?]
	at java.lang.ClassLoader.loadClass(ClassLoader.java:525) ~[?:?]
	... 22 more
[17Jul2026 23:15:52.982] [main/INFO] [net.minecraft.server.Bootstrap/]: ModernFix reached bootstrap stage (23.52 s after launch)
[17Jul2026 23:15:53.408] [main/WARN] [mixin/]: @Final field delegatesByName:Ljava/util/Map; in modernfix-modernfix.mixins.json:perf.forge_registry_alloc.ForgeRegistryMixin should be final
[17Jul2026 23:15:53.409] [main/WARN] [mixin/]: @Final field delegatesByValue:Ljava/util/Map; in modernfix-modernfix.mixins.json:perf.forge_registry_alloc.ForgeRegistryMixin should be final
[17Jul2026 23:15:53.494] [main/INFO] [net.minecraftforge.coremod.CoreMod.placebo/COREMODLOG]: Patching IForgeItemStack#getEnchantmentLevel
[17Jul2026 23:15:53.495] [main/INFO] [net.minecraftforge.coremod.CoreMod.placebo/COREMODLOG]: Patching IForgeItemStack#getEnchantmentLevel
[17Jul2026 23:15:53.546] [main/INFO] [ModernFix/]: Injecting BlockStateBase cache population hook into getNeighborPathNodeType from me.jellysquid.mods.lithium.mixin.ai.pathing.AbstractBlockStateMixin
[17Jul2026 23:15:53.547] [main/INFO] [ModernFix/]: Injecting BlockStateBase cache population hook into getPathNodeType from me.jellysquid.mods.lithium.mixin.ai.pathing.AbstractBlockStateMixin
[17Jul2026 23:15:53.547] [main/INFO] [ModernFix/]: Injecting BlockStateBase cache population hook into getAllFlags from me.jellysquid.mods.lithium.mixin.util.block_tracking.AbstractBlockStateMixin
[17Jul2026 23:15:54.171] [main/WARN] [mixin/]: @Inject(@At("INVOKE")) Shift.BY=1 on crittersandcompanions.mixins.json:LivingEntityMixin::handler$bnd000$onDie exceeds the maximum allowed value: 0. Increase the value of maxShiftBy to suppress this warning.
[17Jul2026 23:15:55.258] [main/WARN] [mixin/]: @Redirect conflict. Skipping securitycraft.mixins.json:camera.ServerPlayerMixin->@Redirect::securitycraft$tick(Lnet/minecraft/server/level/ServerPlayer;DDDFF)V with priority 1100, already redirected by railways-common.mixins.json:conductor_possession.ServerPlayerMixin->@Redirect::railways$securitycraft$tick(Lnet/minecraft/server/level/ServerPlayer;DDDFF)V with priority 1200
[17Jul2026 23:15:56.357] [main/INFO] [net.minecraft.server.Bootstrap/]: Vanilla bootstrap took 3359 milliseconds
[17Jul2026 23:15:56.921] [main/WARN] [mixin/]: @Redirect conflict. Skipping mixins.redirected_forge_1.20.1.json:net.minecraft.world.level.block.piston.PistonBaseBlockMixin->@Redirect::redirectDirections()[Lnet/minecraft/core/Direction; with priority 10, already redirected by lithium.mixins.json:alloc.enum_values.piston_block.PistonBlockMixin->@Redirect::removeAllocation()[Lnet/minecraft/core/Direction; with priority 1000
[17Jul2026 23:15:56.922] [main/WARN] [mixin/]: @Redirect conflict. Skipping mixins.redirected_forge_1.20.1.json:net.minecraft.world.level.block.piston.PistonBaseBlockMixin->@Redirect::redirectDirections()[Lnet/minecraft/core/Direction; with priority 10, already redirected by lithium.mixins.json:alloc.enum_values.piston_block.PistonBlockMixin->@Redirect::removeAllocation()[Lnet/minecraft/core/Direction; with priority 1000
[17Jul2026 23:15:56.977] [main/WARN] [mixin/]: @Redirect conflict. Skipping mixins.redirected_forge_1.20.1.json:net.minecraft.world.level.block.RedStoneWireBlockMixin->@Redirect::redirectDirections()[Lnet/minecraft/core/Direction; with priority 10, already redirected by lithium.mixins.json:alloc.enum_values.redstone_wire.RedstoneWireBlockMixin->@Redirect::removeAllocation1()[Lnet/minecraft/core/Direction; with priority 1000
[17Jul2026 23:15:56.977] [main/WARN] [mixin/]: @Redirect conflict. Skipping mixins.redirected_forge_1.20.1.json:net.minecraft.world.level.block.RedStoneWireBlockMixin->@Redirect::redirectDirections()[Lnet/minecraft/core/Direction; with priority 10, already redirected by lithium.mixins.json:alloc.enum_values.redstone_wire.RedstoneWireBlockMixin->@Redirect::removeAllocation2()[Lnet/minecraft/core/Direction; with priority 1000
[17Jul2026 23:15:57.565] [main/INFO] [net.minecraftforge.coremod.CoreMod.placebo/COREMODLOG]: Patching IForgeItemStack#getEnchantmentLevel
[17Jul2026 23:15:57.566] [main/INFO] [net.minecraftforge.coremod.CoreMod.placebo/COREMODLOG]: Patching IForgeItemStack#getEnchantmentLevel
[17Jul2026 23:15:57.938] [main/WARN] [mixin/]: @Redirect conflict. Skipping mixins.redirected_forge_1.20.1.json:net.minecraft.world.level.block.piston.PistonStructureResolverMixin->@Redirect::redirectDirections()[Lnet/minecraft/core/Direction; with priority 10, already redirected by lithium.mixins.json:alloc.enum_values.piston_handler.PistonHandlerMixin->@Redirect::removeAllocation()[Lnet/minecraft/core/Direction; with priority 1000
[17Jul2026 23:15:59.780] [main/INFO] [MonoLib/]: Mixins applied to net.minecraft.world.item.Item
[17Jul2026 23:16:02.125] [main/WARN] [mixin/]: Static binding violation: PRIVATE @Overwrite method m_47505_ in modernfix-modernfix.mixins.json:perf.remove_biome_temperature_cache.BiomeMixin cannot reduce visibiliy of PUBLIC target method, visibility will be upgraded.
[17Jul2026 23:16:02.129] [main/WARN] [mixin/]: Method overwrite conflict for m_47505_ in lithium.mixins.json:world.temperature_cache.BiomeMixin, previously written by org.embeddedt.modernfix.common.mixin.perf.remove_biome_temperature_cache.BiomeMixin. Skipping method.
[17Jul2026 23:16:03.307] [modloading-worker-0/INFO] [STDOUT/]: [io.github.kosmx.bendylib.forge.ForgeModInterface:<init>:18]: [bendy-lib] You're loading a client-only mod on server-side
[17Jul2026 23:16:03.307] [modloading-worker-0/INFO] [STDOUT/]: [io.github.kosmx.bendylib.forge.ForgeModInterface:<init>:19]: [bendy-lib] Most likely it won't be a problem
[17Jul2026 23:16:03.480] [modloading-worker-0/INFO] [com.refinedmods.refinedstorage.apiimpl.API/]: Found 1 RS API injection point
[17Jul2026 23:16:03.484] [modloading-worker-0/INFO] [com.refinedmods.refinedstorage.apiimpl.API/]: Injected RS API in com.refinedmods.refinedstorageaddons.RSAddons RSAPI
[17Jul2026 23:16:03.505] [modloading-worker-0/WARN] [mixin/]: Method overwrite conflict for getPools in crossbowverhaul.mixins.json:accessor.AccessorLootTable, previously written by com.blackgear.platform.core.mixin.forge.LootTableMixin. Skipping method.
[17Jul2026 23:16:03.540] [modloading-worker-0/INFO] [coroutil/]: forge loader environment detected
[17Jul2026 23:16:03.668] [modloading-worker-0/INFO] [TimeOnDisplay/]: Hello Forge world!
[17Jul2026 23:16:03.670] [modloading-worker-0/INFO] [TimeOnDisplay/]: Hello from TimeOnDisplay Common init on Forge! we are currently in a production environment!
[17Jul2026 23:16:03.670] [modloading-worker-0/INFO] [TimeOnDisplay/]: The ID for diamonds is minecraft:diamond
[17Jul2026 23:16:03.670] [modloading-worker-0/INFO] [TimeOnDisplay/]: Hello to TimeOnDisplay
[17Jul2026 23:16:03.731] [modloading-worker-0/INFO] [Puzzles Lib/]: Constructing common components for betteranimationscollection:main
[17Jul2026 23:16:03.974] [modloading-worker-0/INFO] [Puzzles Lib/]: Constructing common components for mutantmonsters:main
[17Jul2026 23:16:04.297] [modloading-worker-0/INFO] [graveyard/]: Registered JSON trade offer adapter.
[17Jul2026 23:16:04.325] [modloading-worker-0/WARN] [fallingleaves/]: Falling Leaves is a client only mod and should be removed from the mods list
[17Jul2026 23:16:04.525] [modloading-worker-0/INFO] [net.minecraftforge.common.ForgeMod/FORGEMOD]: Forge mod loading, version 47.3.7, for MC 1.20.1 with MCP 20230612.114412
[17Jul2026 23:16:04.525] [modloading-worker-0/INFO] [net.minecraftforge.common.MinecraftForge/FORGE]: MinecraftForge v47.3.7 Initialized
[17Jul2026 23:16:04.849] [modloading-worker-0/INFO] [STDOUT/]: [yalter.mousetweaks.Logger:Log:6]: [Mouse Tweaks] Disabled because not running on the client.
[17Jul2026 23:16:05.662] [modloading-worker-0/INFO] [Puzzles Lib/]: Constructing common components for puzzleslib:main
[17Jul2026 23:16:05.716] [modloading-worker-0/INFO] [STDERR/]: [com.euphoriapatches.euphoria_patcher.forge.ForgeModLoaderSpecifics:serverCheck:45]: [EuphoriaPatcher] Server Detected! The Euphoria Patcher Mod disables itself gracefully on a server. Disabling...
[17Jul2026 23:16:05.788] [modloading-worker-0/INFO] [zeta/]: Doing super early config setup for zeta
[17Jul2026 23:16:05.839] [modloading-worker-0/WARN] [mixinsquared-annotation-adjuster/]: Modified mixin "dev.uncandango.alltheleaks.mixin.core.main.RecipeCrawlHandlerMixin". Check debug logs for more information.
[17Jul2026 23:16:05.840] [modloading-worker-0/WARN] [mixinsquared-annotation-adjuster/]: Modified mixin "dev.uncandango.alltheleaks.mixin.core.main.RecipeCrawlHandlerMixin". Check debug logs for more information.
[17Jul2026 23:16:05.848] [modloading-worker-0/WARN] [mixinsquared-annotation-adjuster/]: Modified mixin "dev.uncandango.alltheleaks.mixin.core.main.RecipeCrawlHandlerMixin". Check debug logs for more information.
[17Jul2026 23:16:05.907] [modloading-worker-0/WARN] [mixin/]: @Redirect conflict. Skipping recipeessentials.mixins.json:RecipeManagerMixin->@Redirect::logErrorOnce(Lorg/slf4j/Logger;Ljava/lang/String;Ljava/lang/Object;Ljava/lang/Object;)V with priority 200, already redirected by modernfix-modernfix.mixins.json:perf.datapack_reload_exceptions.RecipeManagerMixin->@Redirect::silenceException(Lorg/slf4j/Logger;Ljava/lang/String;Ljava/lang/Object;Ljava/lang/Object;)V with priority 2000
[17Jul2026 23:16:06.349] [modloading-worker-0/INFO] [Bookshelf/]: Fixing MC-151457. Crafting remainder for minecraft:pufferfish_bucket is now minecraft:bucket.
[17Jul2026 23:16:06.350] [modloading-worker-0/INFO] [Bookshelf/]: Fixing MC-151457. Crafting remainder for minecraft:salmon_bucket is now minecraft:bucket.
[17Jul2026 23:16:06.350] [modloading-worker-0/INFO] [Bookshelf/]: Fixing MC-151457. Crafting remainder for minecraft:cod_bucket is now minecraft:bucket.
[17Jul2026 23:16:06.357] [modloading-worker-0/INFO] [Bookshelf/]: Fixing MC-151457. Crafting remainder for minecraft:tropical_fish_bucket is now minecraft:bucket.
[17Jul2026 23:16:06.357] [modloading-worker-0/INFO] [Bookshelf/]: Fixing MC-151457. Crafting remainder for minecraft:axolotl_bucket is now minecraft:bucket.
[17Jul2026 23:16:06.357] [modloading-worker-0/INFO] [Bookshelf/]: Fixing MC-151457. Crafting remainder for minecraft:powder_snow_bucket is now minecraft:bucket.
[17Jul2026 23:16:06.357] [modloading-worker-0/INFO] [Bookshelf/]: Fixing MC-151457. Crafting remainder for minecraft:tadpole_bucket is now minecraft:bucket.
[17Jul2026 23:16:06.417] [modloading-worker-0/INFO] [Railways/]: Steam 'n' Rails v1.7.2 initializing! Commit hash: 7c1a21e3a4edbd6b5f1301f82a8bfbeb5fdb1444 on Create version: 6.0.8 on platform: Forge
[17Jul2026 23:16:06.704] [modloading-worker-0/INFO] [de.keksuccino.melody.Melody/]: [MELODY] Disabling Melody since it's loaded server-side.
[17Jul2026 23:16:06.784] [modloading-worker-0/INFO] [de.keksuccino.konkrete.Konkrete/]: [KONKRETE] Successfully initialized!
[17Jul2026 23:16:06.784] [modloading-worker-0/INFO] [de.keksuccino.konkrete.Konkrete/]: [KONKRETE] Server-side libs ready to use!
[17Jul2026 23:16:06.951] [modloading-worker-0/INFO] [me.fallenbreath.fastipping.FastIpPingMod/]: ping & connect fast!
[17Jul2026 23:16:07.627] [modloading-worker-0/INFO] [Collective/]: Loading Collective version 8.32.
[17Jul2026 23:16:08.063] [modloading-worker-0/INFO] [lostcities/]: Creating standard profiles into 'config/lostcities/profiles'
[17Jul2026 23:16:08.094] [modloading-worker-0/INFO] [lostcities/]: Reading existing profiles from 'config/lostcities/profiles'
[17Jul2026 23:16:08.266] [modloading-worker-0/INFO] [dev.architectury.networking.forge.NetworkManagerImpl/]: Registering C2S receiver with id architectury:sync_ids
[17Jul2026 23:16:08.330] [modloading-worker-0/INFO] [com.cupboard.Cupboard/]: Loaded config for: cupboard.json
[17Jul2026 23:16:08.499] [modloading-worker-0/INFO] [dev.architectury.networking.forge.NetworkManagerImpl/]: Registering C2S receiver with id itemfilters:main/14e7fa1454283aec8ae811ef844ada28
[17Jul2026 23:16:08.503] [modloading-worker-0/INFO] [dev.architectury.networking.forge.NetworkManagerImpl/]: Registering C2S receiver with id itemfilters:main/8f6a899247753217b9d86ab427a2b279
[17Jul2026 23:16:08.512] [modloading-worker-0/INFO] [com.simibubi.create.Create/]: Create 6.0.8 initializing! Commit hash: 1a1a9a2819b4f89f78caec41b55ed8cb222fa24b
[17Jul2026 23:16:08.809] [modloading-worker-0/INFO] [Railways/]: Registered bogey styles from railways
[17Jul2026 23:16:08.937] [Collective Update Checker/WARN] [Collective/]: [Update] Collective has an update available: 8.32 -> 8.39
[17Jul2026 23:16:08.969] [modloading-worker-0/INFO] [Create Deco/]: Registering items for Create Deco
[17Jul2026 23:16:09.019] [modloading-worker-0/INFO] [Create Deco/]: Registering blocks for Create Deco
[17Jul2026 23:16:09.581] [modloading-worker-0/INFO] [Railways/]: Registering data fixers
[17Jul2026 23:16:09.910] [modloading-worker-0/INFO] [ModernFix/]: Bypassed Mojang DFU
[17Jul2026 23:16:09.910] [modloading-worker-0/INFO] [ModernFix/]: Instantiating Mojang DFU
[17Jul2026 23:16:10.109] [modloading-worker-0/INFO] [dev.architectury.networking.forge.NetworkManagerImpl/]: Registering C2S receiver with id artifacts:networking_channel/42a7ad70b1cc371599a0eff744096b8a
[17Jul2026 23:16:10.150] [modloading-worker-0/INFO] [dev.architectury.networking.forge.NetworkManagerImpl/]: Registering C2S receiver with id artifacts:networking_channel/74a5e841822a3a87854ae896a33430d6
[17Jul2026 23:16:10.156] [modloading-worker-0/INFO] [dev.architectury.networking.forge.NetworkManagerImpl/]: Registering C2S receiver with id artifacts:networking_channel/eb3d1e2748533430848cadf0f37c7e9c
[17Jul2026 23:16:10.157] [modloading-worker-0/INFO] [dev.architectury.networking.forge.NetworkManagerImpl/]: Registering C2S receiver with id artifacts:networking_channel/91c8520f19f93b3e8b6a727568e194ab
[17Jul2026 23:16:10.157] [modloading-worker-0/INFO] [dev.architectury.networking.forge.NetworkManagerImpl/]: Registering C2S receiver with id artifacts:networking_channel/8c2784d778293fd482ed84b8aa5fedb9
[17Jul2026 23:16:10.158] [modloading-worker-0/INFO] [dev.architectury.networking.forge.NetworkManagerImpl/]: Registering C2S receiver with id artifacts:networking_channel/ea038224ea783d40b2863f52239e2604
[17Jul2026 23:16:10.162] [modloading-worker-0/INFO] [dev.architectury.networking.forge.NetworkManagerImpl/]: Registering C2S receiver with id artifacts:networking_channel/97ad64b7ecaf33209991c4f031501a58
[17Jul2026 23:16:10.387] [modloading-worker-0/INFO] [Dungeon Crawl/]: Here we go! Launching Dungeon Crawl 2.3.15...
[17Jul2026 23:16:10.423] [modloading-worker-0/ERROR] [toastcontrol/]: Running on a dedicated server, disabling mod.
[17Jul2026 23:16:10.448] [modloading-worker-0/INFO] [Puzzles Lib/]: Loading common config for mutantmonsters
[17Jul2026 23:16:10.455] [modloading-worker-0/WARN] [net.minecraftforge.common.ForgeConfigSpec/CORE]: Configuration file /workspaces/server/servidor_minecraft/config/mowziesmobs-common.toml is not correct. Correcting
[17Jul2026 23:16:10.457] [modloading-worker-0/WARN] [net.minecraftforge.common.ForgeConfigSpec/CORE]: Incorrect key mobs.sculptor.trade_which_item was corrected from mowziesmobs:bluff_rod to its default, mowziesmobs:bluff_rod. 
[17Jul2026 23:16:10.825] [Thread-0/INFO] [ModernFix/]: Please use /mfsrc to reload any changed mod config files
[17Jul2026 23:16:11.320] [modloading-worker-0/INFO] [com.mojang.datafixers.DataFixerBuilder/]: 0 Datafixer optimizations took 0 milliseconds
[17Jul2026 23:16:11.329] [modloading-worker-0/INFO] [Railways/MultiRegistryCallback/]: Registering callback for create:track_signal in minecraft:block_entity_type
[17Jul2026 23:16:11.332] [modloading-worker-0/INFO] [Railways/MultiRegistryCallback/]: Registering callback for railways:track_signal_source in create:display_source
[17Jul2026 23:16:11.332] [modloading-worker-0/INFO] [Railways/MultiRegistryCallback/]: Registering callback for create:copycat in minecraft:block_entity_type
[17Jul2026 23:16:11.333] [modloading-worker-0/INFO] [Railways/MultiRegistryCallback/]: Registering callback for railways:conductor_vent in minecraft:block
[17Jul2026 23:16:11.333] [modloading-worker-0/INFO] [Railways/MultiRegistryCallback/]: Registering callback for create:flywheel in minecraft:block_entity_type
[17Jul2026 23:16:11.333] [modloading-worker-0/INFO] [Railways/MultiRegistryCallback/]: Registering callback for railways:locometal_flywheel in minecraft:block
[17Jul2026 23:16:11.333] [modloading-worker-0/INFO] [Railways/MultiRegistryCallback/]: Registering callback for create:sliding_door in minecraft:block_entity_type
[17Jul2026 23:16:11.333] [modloading-worker-0/INFO] [Railways/MultiRegistryCallback/]: Registering callback for railways:sliding_locometal_door in minecraft:block
[17Jul2026 23:16:11.333] [modloading-worker-0/INFO] [Railways/MultiRegistryCallback/]: Registering callback for create:sliding_door in minecraft:block_entity_type
[17Jul2026 23:16:11.333] [modloading-worker-0/INFO] [Railways/MultiRegistryCallback/]: Registering callback for railways:folding_locometal_door in minecraft:block
[17Jul2026 23:16:11.333] [modloading-worker-0/INFO] [Railways/MultiRegistryCallback/]: Registering callback for create:flywheel in minecraft:block_entity_type
[17Jul2026 23:16:11.333] [modloading-worker-0/INFO] [Railways/MultiRegistryCallback/]: Registering callback for railways:brown_locometal_flywheel in minecraft:block
[17Jul2026 23:16:11.333] [modloading-worker-0/INFO] [Railways/MultiRegistryCallback/]: Registering callback for create:sliding_door in minecraft:block_entity_type
[17Jul2026 23:16:11.333] [modloading-worker-0/INFO] [Railways/MultiRegistryCallback/]: Registering callback for railways:brown_sliding_locometal_door in minecraft:block
[17Jul2026 23:16:11.333] [modloading-worker-0/INFO] [Railways/MultiRegistryCallback/]: Registering callback for create:sliding_door in minecraft:block_entity_type
[17Jul2026 23:16:11.333] [modloading-worker-0/INFO] [Railways/MultiRegistryCallback/]: Registering callback for railways:brown_folding_locometal_door in minecraft:block
[17Jul2026 23:16:11.333] [modloading-worker-0/INFO] [Railways/MultiRegistryCallback/]: Registering callback for create:flywheel in minecraft:block_entity_type
[17Jul2026 23:16:11.334] [modloading-worker-0/INFO] [Railways/MultiRegistryCallback/]: Registering callback for railways:maroon_locometal_flywheel in minecraft:block
[17Jul2026 23:16:11.334] [modloading-worker-0/INFO] [Railways/MultiRegistryCallback/]: Registering callback for create:sliding_door in minecraft:block_entity_type
[17Jul2026 23:16:11.334] [modloading-worker-0/INFO] [Railways/MultiRegistryCallback/]: Registering callback for railways:maroon_sliding_locometal_door in minecraft:block
[17Jul2026 23:16:11.334] [modloading-worker-0/INFO] [Railways/MultiRegistryCallback/]: Registering callback for create:sliding_door in minecraft:block_entity_type
[17Jul2026 23:16:11.335] [modloading-worker-0/INFO] [Railways/MultiRegistryCallback/]: Registering callback for railways:maroon_folding_locometal_door in minecraft:block
[17Jul2026 23:16:11.335] [modloading-worker-0/INFO] [Railways/MultiRegistryCallback/]: Registering callback for create:flywheel in minecraft:block_entity_type
[17Jul2026 23:16:11.335] [modloading-worker-0/INFO] [Railways/MultiRegistryCallback/]: Registering callback for railways:red_locometal_flywheel in minecraft:block
[17Jul2026 23:16:11.335] [modloading-worker-0/INFO] [Railways/MultiRegistryCallback/]: Registering callback for create:sliding_door in minecraft:block_entity_type
[17Jul2026 23:16:11.335] [modloading-worker-0/INFO] [Railways/MultiRegistryCallback/]: Registering callback for railways:red_sliding_locometal_door in minecraft:block
[17Jul2026 23:16:11.335] [modloading-worker-0/INFO] [Railways/MultiRegistryCallback/]: Registering callback for create:sliding_door in minecraft:block_entity_type
[17Jul2026 23:16:11.335] [modloading-worker-0/INFO] [Railways/MultiRegistryCallback/]: Registering callback for railways:red_folding_locometal_door in minecraft:block
[17Jul2026 23:16:11.335] [modloading-worker-0/INFO] [Railways/MultiRegistryCallback/]: Registering callback for create:flywheel in minecraft:block_entity_type
[17Jul2026 23:16:11.335] [modloading-worker-0/INFO] [Railways/MultiRegistryCallback/]: Registering callback for railways:vermilion_locometal_flywheel in minecraft:block
[17Jul2026 23:16:11.335] [modloading-worker-0/INFO] [Railways/MultiRegistryCallback/]: Registering callback for create:sliding_door in minecraft:block_entity_type
[17Jul2026 23:16:11.335] [modloading-worker-0/INFO] [Railways/MultiRegistryCallback/]: Registering callback for railways:vermilion_sliding_locometal_door in minecraft:block
[17Jul2026 23:16:11.335] [modloading-worker-0/INFO] [Railways/MultiRegistryCallback/]: Registering callback for create:sliding_door in minecraft:block_entity_type
[17Jul2026 23:16:11.336] [modloading-worker-0/INFO] [Railways/MultiRegistryCallback/]: Registering callback for railways:vermilion_folding_locometal_door in minecraft:block
[17Jul2026 23:16:11.336] [modloading-worker-0/INFO] [Railways/MultiRegistryCallback/]: Registering callback for create:flywheel in minecraft:block_entity_type
[17Jul2026 23:16:11.336] [modloading-worker-0/INFO] [Railways/MultiRegistryCallback/]: Registering callback for railways:orange_locometal_flywheel in minecraft:block
[17Jul2026 23:16:11.336] [modloading-worker-0/INFO] [Railways/MultiRegistryCallback/]: Registering callback for create:sliding_door in minecraft:block_entity_type
[17Jul2026 23:16:11.337] [modloading-worker-0/INFO] [Railways/MultiRegistryCallback/]: Registering callback for railways:orange_sliding_locometal_door in minecraft:block
[17Jul2026 23:16:11.340] [modloading-worker-0/INFO] [Railways/MultiRegistryCallback/]: Registering callback for create:sliding_door in minecraft:block_entity_type
[17Jul2026 23:16:11.340] [modloading-worker-0/INFO] [Railways/MultiRegistryCallback/]: Registering callback for railways:orange_folding_locometal_door in minecraft:block
[17Jul2026 23:16:11.340] [modloading-worker-0/INFO] [Railways/MultiRegistryCallback/]: Registering callback for create:flywheel in minecraft:block_entity_type
[17Jul2026 23:16:11.340] [modloading-worker-0/INFO] [Railways/MultiRegistryCallback/]: Registering callback for railways:granite_locometal_flywheel in minecraft:block
[17Jul2026 23:16:11.340] [modloading-worker-0/INFO] [Railways/MultiRegistryCallback/]: Registering callback for create:sliding_door in minecraft:block_entity_type
[17Jul2026 23:16:11.340] [modloading-worker-0/INFO] [Railways/MultiRegistryCallback/]: Registering callback for railways:granite_sliding_locometal_door in minecraft:block
[17Jul2026 23:16:11.340] [modloading-worker-0/INFO] [Railways/MultiRegistryCallback/]: Registering callback for create:sliding_door in minecraft:block_entity_type
[17Jul2026 23:16:11.340] [modloading-worker-0/INFO] [Railways/MultiRegistryCallback/]: Registering callback for railways:granite_folding_locometal_door in minecraft:block
[17Jul2026 23:16:11.340] [modloading-worker-0/INFO] [Railways/MultiRegistryCallback/]: Registering callback for create:flywheel in minecraft:block_entity_type
[17Jul2026 23:16:11.340] [modloading-worker-0/INFO] [Railways/MultiRegistryCallback/]: Registering callback for railways:dripstone_locometal_flywheel in minecraft:block
[17Jul2026 23:16:11.341] [modloading-worker-0/INFO] [Railways/MultiRegistryCallback/]: Registering callback for create:sliding_door in minecraft:block_entity_type
[17Jul2026 23:16:11.341] [modloading-worker-0/INFO] [Railways/MultiRegistryCallback/]: Registering callback for railways:dripstone_sliding_locometal_door in minecraft:block
[17Jul2026 23:16:11.341] [modloading-worker-0/INFO] [Railways/MultiRegistryCallback/]: Registering callback for create:sliding_door in minecraft:block_entity_type
[17Jul2026 23:16:11.341] [modloading-worker-0/INFO] [Railways/MultiRegistryCallback/]: Registering callback for railways:dripstone_folding_locometal_door in minecraft:block
[17Jul2026 23:16:11.341] [modloading-worker-0/INFO] [Railways/MultiRegistryCallback/]: Registering callback for create:flywheel in minecraft:block_entity_type
[17Jul2026 23:16:11.341] [modloading-worker-0/INFO] [Railways/MultiRegistryCallback/]: Registering callback for railways:ochrum_locometal_flywheel in minecraft:block
[17Jul2026 23:16:11.341] [modloading-worker-0/INFO] [Railways/MultiRegistryCallback/]: Registering callback for create:sliding_door in minecraft:block_entity_type
[17Jul2026 23:16:11.341] [modloading-worker-0/INFO] [Railways/MultiRegistryCallback/]: Registering callback for railways:ochrum_sliding_locometal_door in minecraft:block
[17Jul2026 23:16:11.341] [modloading-worker-0/INFO] [Railways/MultiRegistryCallback/]: Registering callback for create:sliding_door in minecraft:block_entity_type
[17Jul2026 23:16:11.341] [modloading-worker-0/INFO] [Railways/MultiRegistryCallback/]: Registering callback for railways:ochrum_folding_locometal_door in minecraft:block
[17Jul2026 23:16:11.341] [modloading-worker-0/INFO] [Railways/MultiRegistryCallback/]: Registering callback for create:flywheel in minecraft:block_entity_type
[17Jul2026 23:16:11.341] [modloading-worker-0/INFO] [Railways/MultiRegistryCallback/]: Registering callback for railways:yellow_locometal_flywheel in minecraft:block
[17Jul2026 23:16:11.341] [modloading-worker-0/INFO] [Railways/MultiRegistryCallback/]: Registering callback for create:sliding_door in minecraft:block_entity_type
[17Jul2026 23:16:11.341] [modloading-worker-0/INFO] [Railways/MultiRegistryCallback/]: Registering callback for railways:yellow_sliding_locometal_door in minecraft:block
[17Jul2026 23:16:11.341] [modloading-worker-0/INFO] [Railways/MultiRegistryCallback/]: Registering callback for create:sliding_door in minecraft:block_entity_type
[17Jul2026 23:16:11.342] [modloading-worker-0/INFO] [Railways/MultiRegistryCallback/]: Registering callback for railways:yellow_folding_locometal_door in minecraft:block
[17Jul2026 23:16:11.342] [modloading-worker-0/INFO] [Railways/MultiRegistryCallback/]: Registering callback for create:flywheel in minecraft:block_entity_type
[17Jul2026 23:16:11.342] [modloading-worker-0/INFO] [Railways/MultiRegistryCallback/]: Registering callback for railways:chartreuse_locometal_flywheel in minecraft:block
[17Jul2026 23:16:11.342] [modloading-worker-0/INFO] [Railways/MultiRegistryCallback/]: Registering callback for create:sliding_door in minecraft:block_entity_type
[17Jul2026 23:16:11.344] [modloading-worker-0/INFO] [Railways/MultiRegistryCallback/]: Registering callback for railways:chartreuse_sliding_locometal_door in minecraft:block
[17Jul2026 23:16:11.347] [modloading-worker-0/INFO] [Railways/MultiRegistryCallback/]: Registering callback for create:sliding_door in minecraft:block_entity_type
[17Jul2026 23:16:11.347] [modloading-worker-0/INFO] [Railways/MultiRegistryCallback/]: Registering callback for railways:chartreuse_folding_locometal_door in minecraft:block
[17Jul2026 23:16:11.347] [modloading-worker-0/INFO] [Railways/MultiRegistryCallback/]: Registering callback for create:flywheel in minecraft:block_entity_type
[17Jul2026 23:16:11.347] [modloading-worker-0/INFO] [Railways/MultiRegistryCallback/]: Registering callback for railways:olive_green_locometal_flywheel in minecraft:block
[17Jul2026 23:16:11.347] [modloading-worker-0/INFO] [Railways/MultiRegistryCallback/]: Registering callback for create:sliding_door in minecraft:block_entity_type
[17Jul2026 23:16:11.347] [modloading-worker-0/INFO] [Railways/MultiRegistryCallback/]: Registering callback for railways:olive_green_sliding_locometal_door in minecraft:block
[17Jul2026 23:16:11.347] [modloading-worker-0/INFO] [Railways/MultiRegistryCallback/]: Registering callback for create:sliding_door in minecraft:block_entity_type
[17Jul2026 23:16:11.347] [modloading-worker-0/INFO] [Railways/MultiRegistryCallback/]: Registering callback for railways:olive_green_folding_locometal_door in minecraft:block
[17Jul2026 23:16:11.347] [modloading-worker-0/INFO] [Railways/MultiRegistryCallback/]: Registering callback for create:flywheel in minecraft:block_entity_type
[17Jul2026 23:16:11.347] [modloading-worker-0/INFO] [Railways/MultiRegistryCallback/]: Registering callback for railways:lime_locometal_flywheel in minecraft:block
[17Jul2026 23:16:11.348] [modloading-worker-0/INFO] [Railways/MultiRegistryCallback/]: Registering callback for create:sliding_door in minecraft:block_entity_type
[17Jul2026 23:16:11.348] [modloading-worker-0/INFO] [Railways/MultiRegistryCallback/]: Registering callback for railways:lime_sliding_locometal_door in minecraft:block
[17Jul2026 23:16:11.348] [modloading-worker-0/INFO] [Railways/MultiRegistryCallback/]: Registering callback for create:sliding_door in minecraft:block_entity_type
[17Jul2026 23:16:11.348] [modloading-worker-0/INFO] [Railways/MultiRegistryCallback/]: Registering callback for railways:lime_folding_locometal_door in minecraft:block
[17Jul2026 23:16:11.348] [modloading-worker-0/INFO] [Railways/MultiRegistryCallback/]: Registering callback for create:flywheel in minecraft:block_entity_type
[17Jul2026 23:16:11.348] [modloading-worker-0/INFO] [Railways/MultiRegistryCallback/]: Registering callback for railways:green_locometal_flywheel in minecraft:block
[17Jul2026 23:16:11.348] [modloading-worker-0/INFO] [Railways/MultiRegistryCallback/]: Registering callback for create:sliding_door in minecraft:block_entity_type
[17Jul2026 23:16:11.348] [modloading-worker-0/INFO] [Railways/MultiRegistryCallback/]: Registering callback for railways:green_sliding_locometal_door in minecraft:block
[17Jul2026 23:16:11.348] [modloading-worker-0/INFO] [Railways/MultiRegistryCallback/]: Registering callback for create:sliding_door in minecraft:block_entity_type
[17Jul2026 23:16:11.348] [modloading-worker-0/INFO] [Railways/MultiRegistryCallback/]: Registering callback for railways:green_folding_locometal_door in minecraft:block
[17Jul2026 23:16:11.348] [modloading-worker-0/INFO] [Railways/MultiRegistryCallback/]: Registering callback for create:flywheel in minecraft:block_entity_type
[17Jul2026 23:16:11.348] [modloading-worker-0/INFO] [Railways/MultiRegistryCallback/]: Registering callback for railways:pine_green_locometal_flywheel in minecraft:block
[17Jul2026 23:16:11.348] [modloading-worker-0/INFO] [Railways/MultiRegistryCallback/]: Registering callback for create:sliding_door in minecraft:block_entity_type
[17Jul2026 23:16:11.348] [modloading-worker-0/INFO] [Railways/MultiRegistryCallback/]: Registering callback for railways:pine_green_sliding_locometal_door in minecraft:block
[17Jul2026 23:16:11.348] [modloading-worker-0/INFO] [Railways/MultiRegistryCallback/]: Registering callback for create:sliding_door in minecraft:block_entity_type
[17Jul2026 23:16:11.349] [modloading-worker-0/INFO] [Railways/MultiRegistryCallback/]: Registering callback for railways:pine_green_folding_locometal_door in minecraft:block
[17Jul2026 23:16:11.349] [modloading-worker-0/INFO] [Railways/MultiRegistryCallback/]: Registering callback for create:flywheel in minecraft:block_entity_type
[17Jul2026 23:16:11.349] [modloading-worker-0/INFO] [Railways/MultiRegistryCallback/]: Registering callback for railways:cyan_locometal_flywheel in minecraft:block
[17Jul2026 23:16:11.352] [modloading-worker-0/INFO] [Railways/MultiRegistryCallback/]: Registering callback for create:sliding_door in minecraft:block_entity_type
[17Jul2026 23:16:11.352] [modloading-worker-0/INFO] [Railways/MultiRegistryCallback/]: Registering callback for railways:cyan_sliding_locometal_door in minecraft:block
[17Jul2026 23:16:11.352] [modloading-worker-0/INFO] [Railways/MultiRegistryCallback/]: Registering callback for create:sliding_door in minecraft:block_entity_type
[17Jul2026 23:16:11.352] [modloading-worker-0/INFO] [Railways/MultiRegistryCallback/]: Registering callback for railways:cyan_folding_locometal_door in minecraft:block
[17Jul2026 23:16:11.352] [modloading-worker-0/INFO] [Railways/MultiRegistryCallback/]: Registering callback for create:flywheel in minecraft:block_entity_type
[17Jul2026 23:16:11.352] [modloading-worker-0/INFO] [Railways/MultiRegistryCallback/]: Registering callback for railways:sea_green_locometal_flywheel in minecraft:block
[17Jul2026 23:16:11.353] [modloading-worker-0/INFO] [Railways/MultiRegistryCallback/]: Registering callback for create:sliding_door in minecraft:block_entity_type
[17Jul2026 23:16:11.353] [modloading-worker-0/INFO] [Railways/MultiRegistryCallback/]: Registering callback for railways:sea_green_sliding_locometal_door in minecraft:block
[17Jul2026 23:16:11.353] [modloading-worker-0/INFO] [Railways/MultiRegistryCallback/]: Registering callback for create:sliding_door in minecraft:block_entity_type
[17Jul2026 23:16:11.353] [modloading-worker-0/INFO] [Railways/MultiRegistryCallback/]: Registering callback for railways:sea_green_folding_locometal_door in minecraft:block
[17Jul2026 23:16:11.353] [modloading-worker-0/INFO] [Railways/MultiRegistryCallback/]: Registering callback for create:flywheel in minecraft:block_entity_type
[17Jul2026 23:16:11.353] [modloading-worker-0/INFO] [Railways/MultiRegistryCallback/]: Registering callback for railways:turquoise_locometal_flywheel in minecraft:block
[17Jul2026 23:16:11.353] [modloading-worker-0/INFO] [Railways/MultiRegistryCallback/]: Registering callback for create:sliding_door in minecraft:block_entity_type
[17Jul2026 23:16:11.353] [modloading-worker-0/INFO] [Railways/MultiRegistryCallback/]: Registering callback for railways:turquoise_sliding_locometal_door in minecraft:block
[17Jul2026 23:16:11.353] [modloading-worker-0/INFO] [Railways/MultiRegistryCallback/]: Registering callback for create:sliding_door in minecraft:block_entity_type
[17Jul2026 23:16:11.353] [modloading-worker-0/INFO] [Railways/MultiRegistryCallback/]: Registering callback for railways:turquoise_folding_locometal_door in minecraft:block
[17Jul2026 23:16:11.353] [modloading-worker-0/INFO] [Railways/MultiRegistryCallback/]: Registering callback for create:flywheel in minecraft:block_entity_type
[17Jul2026 23:16:11.353] [modloading-worker-0/INFO] [Railways/MultiRegistryCallback/]: Registering callback for railways:light_blue_locometal_flywheel in minecraft:block
[17Jul2026 23:16:11.353] [modloading-worker-0/INFO] [Railways/MultiRegistryCallback/]: Registering callback for create:sliding_door in minecraft:block_entity_type
[17Jul2026 23:16:11.353] [modloading-worker-0/INFO] [Railways/MultiRegistryCallback/]: Registering callback for railways:light_blue_sliding_locometal_door in minecraft:block
[17Jul2026 23:16:11.353] [modloading-worker-0/INFO] [Railways/MultiRegistryCallback/]: Registering callback for create:sliding_door in minecraft:block_entity_type
[17Jul2026 23:16:11.353] [modloading-worker-0/INFO] [Railways/MultiRegistryCallback/]: Registering callback for railways:light_blue_folding_locometal_door in minecraft:block
[17Jul2026 23:16:11.353] [modloading-worker-0/INFO] [Railways/MultiRegistryCallback/]: Registering callback for create:flywheel in minecraft:block_entity_type
[17Jul2026 23:16:11.354] [modloading-worker-0/INFO] [Railways/MultiRegistryCallback/]: Registering callback for railways:blue_locometal_flywheel in minecraft:block
[17Jul2026 23:16:11.354] [modloading-worker-0/INFO] [Railways/MultiRegistryCallback/]: Registering callback for create:sliding_door in minecraft:block_entity_type
[17Jul2026 23:16:11.354] [modloading-worker-0/INFO] [Railways/MultiRegistryCallback/]: Registering callback for railways:blue_sliding_locometal_door in minecraft:block
[17Jul2026 23:16:11.354] [modloading-worker-0/INFO] [Railways/MultiRegistryCallback/]: Registering callback for create:sliding_door in minecraft:block_entity_type
[17Jul2026 23:16:11.354] [modloading-worker-0/INFO] [Railways/MultiRegistryCallback/]: Registering callback for railways:blue_folding_locometal_door in minecraft:block
[17Jul2026 23:16:11.354] [modloading-worker-0/INFO] [Railways/MultiRegistryCallback/]: Registering callback for create:flywheel in minecraft:block_entity_type
[17Jul2026 23:16:11.354] [modloading-worker-0/INFO] [Railways/MultiRegistryCallback/]: Registering callback for railways:royal_blue_locometal_flywheel in minecraft:block
[17Jul2026 23:16:11.354] [modloading-worker-0/INFO] [Railways/MultiRegistryCallback/]: Registering callback for create:sliding_door in minecraft:block_entity_type
[17Jul2026 23:16:11.354] [modloading-worker-0/INFO] [Railways/MultiRegistryCallback/]: Registering callback for railways:royal_blue_sliding_locometal_door in minecraft:block
[17Jul2026 23:16:11.354] [modloading-worker-0/INFO] [Railways/MultiRegistryCallback/]: Registering callback for create:sliding_door in minecraft:block_entity_type
[17Jul2026 23:16:11.354] [modloading-worker-0/INFO] [Railways/MultiRegistryCallback/]: Registering callback for railways:royal_blue_folding_locometal_door in minecraft:block
[17Jul2026 23:16:11.354] [modloading-worker-0/INFO] [Railways/MultiRegistryCallback/]: Registering callback for create:flywheel in minecraft:block_entity_type
[17Jul2026 23:16:11.354] [modloading-worker-0/INFO] [Railways/MultiRegistryCallback/]: Registering callback for railways:purple_locometal_flywheel in minecraft:block
[17Jul2026 23:16:11.354] [modloading-worker-0/INFO] [Railways/MultiRegistryCallback/]: Registering callback for create:sliding_door in minecraft:block_entity_type
[17Jul2026 23:16:11.354] [modloading-worker-0/INFO] [Railways/MultiRegistryCallback/]: Registering callback for railways:purple_sliding_locometal_door in minecraft:block
[17Jul2026 23:16:11.354] [modloading-worker-0/INFO] [Railways/MultiRegistryCallback/]: Registering callback for create:sliding_door in minecraft:block_entity_type
[17Jul2026 23:16:11.354] [modloading-worker-0/INFO] [Railways/MultiRegistryCallback/]: Registering callback for railways:purple_folding_locometal_door in minecraft:block
[17Jul2026 23:16:11.354] [modloading-worker-0/INFO] [Railways/MultiRegistryCallback/]: Registering callback for create:flywheel in minecraft:block_entity_type
[17Jul2026 23:16:11.355] [modloading-worker-0/INFO] [Railways/MultiRegistryCallback/]: Registering callback for railways:magenta_locometal_flywheel in minecraft:block
[17Jul2026 23:16:11.355] [modloading-worker-0/INFO] [Railways/MultiRegistryCallback/]: Registering callback for create:sliding_door in minecraft:block_entity_type
[17Jul2026 23:16:11.355] [modloading-worker-0/INFO] [Railways/MultiRegistryCallback/]: Registering callback for railways:magenta_sliding_locometal_door in minecraft:block
[17Jul2026 23:16:11.360] [modloading-worker-0/INFO] [Railways/MultiRegistryCallback/]: Registering callback for create:sliding_door in minecraft:block_entity_type
[17Jul2026 23:16:11.363] [modloading-worker-0/INFO] [Railways/MultiRegistryCallback/]: Registering callback for railways:magenta_folding_locometal_door in minecraft:block
[17Jul2026 23:16:11.363] [modloading-worker-0/INFO] [Railways/MultiRegistryCallback/]: Registering callback for create:flywheel in minecraft:block_entity_type
[17Jul2026 23:16:11.363] [modloading-worker-0/INFO] [Railways/MultiRegistryCallback/]: Registering callback for railways:pink_locometal_flywheel in minecraft:block
[17Jul2026 23:16:11.363] [modloading-worker-0/INFO] [Railways/MultiRegistryCallback/]: Registering callback for create:sliding_door in minecraft:block_entity_type
[17Jul2026 23:16:11.363] [modloading-worker-0/INFO] [Railways/MultiRegistryCallback/]: Registering callback for railways:pink_sliding_locometal_door in minecraft:block
[17Jul2026 23:16:11.363] [modloading-worker-0/INFO] [Railways/MultiRegistryCallback/]: Registering callback for create:sliding_door in minecraft:block_entity_type
[17Jul2026 23:16:11.363] [modloading-worker-0/INFO] [Railways/MultiRegistryCallback/]: Registering callback for railways:pink_folding_locometal_door in minecraft:block
[17Jul2026 23:16:11.363] [modloading-worker-0/INFO] [Railways/MultiRegistryCallback/]: Registering callback for create:flywheel in minecraft:block_entity_type
[17Jul2026 23:16:11.363] [modloading-worker-0/INFO] [Railways/MultiRegistryCallback/]: Registering callback for railways:white_locometal_flywheel in minecraft:block
[17Jul2026 23:16:11.363] [modloading-worker-0/INFO] [Railways/MultiRegistryCallback/]: Registering callback for create:sliding_door in minecraft:block_entity_type
[17Jul2026 23:16:11.363] [modloading-worker-0/INFO] [Railways/MultiRegistryCallback/]: Registering callback for railways:white_sliding_locometal_door in minecraft:block
[17Jul2026 23:16:11.363] [modloading-worker-0/INFO] [Railways/MultiRegistryCallback/]: Registering callback for create:sliding_door in minecraft:block_entity_type
[17Jul2026 23:16:11.364] [modloading-worker-0/INFO] [Railways/MultiRegistryCallback/]: Registering callback for railways:white_folding_locometal_door in minecraft:block
[17Jul2026 23:16:11.364] [modloading-worker-0/INFO] [Railways/MultiRegistryCallback/]: Registering callback for create:flywheel in minecraft:block_entity_type
[17Jul2026 23:16:11.366] [modloading-worker-0/INFO] [Railways/MultiRegistryCallback/]: Registering callback for railways:diorite_locometal_flywheel in minecraft:block
[17Jul2026 23:16:11.366] [modloading-worker-0/INFO] [Railways/MultiRegistryCallback/]: Registering callback for create:sliding_door in minecraft:block_entity_type
[17Jul2026 23:16:11.366] [modloading-worker-0/INFO] [Railways/MultiRegistryCallback/]: Registering callback for railways:diorite_sliding_locometal_door in minecraft:block
[17Jul2026 23:16:11.366] [modloading-worker-0/INFO] [Railways/MultiRegistryCallback/]: Registering callback for create:sliding_door in minecraft:block_entity_type
[17Jul2026 23:16:11.366] [modloading-worker-0/INFO] [Railways/MultiRegistryCallback/]: Registering callback for railways:diorite_folding_locometal_door in minecraft:block
[17Jul2026 23:16:11.367] [modloading-worker-0/INFO] [Railways/MultiRegistryCallback/]: Registering callback for create:flywheel in minecraft:block_entity_type
[17Jul2026 23:16:11.367] [modloading-worker-0/INFO] [Railways/MultiRegistryCallback/]: Registering callback for railways:limestone_locometal_flywheel in minecraft:block
[17Jul2026 23:16:11.367] [modloading-worker-0/INFO] [Railways/MultiRegistryCallback/]: Registering callback for create:sliding_door in minecraft:block_entity_type
[17Jul2026 23:16:11.367] [modloading-worker-0/INFO] [Railways/MultiRegistryCallback/]: Registering callback for railways:limestone_sliding_locometal_door in minecraft:block
[17Jul2026 23:16:11.367] [modloading-worker-0/INFO] [Railways/MultiRegistryCallback/]: Registering callback for create:sliding_door in minecraft:block_entity_type
[17Jul2026 23:16:11.367] [modloading-worker-0/INFO] [Railways/MultiRegistryCallback/]: Registering callback for railways:limestone_folding_locometal_door in minecraft:block
[17Jul2026 23:16:11.367] [modloading-worker-0/INFO] [Railways/MultiRegistryCallback/]: Registering callback for create:flywheel in minecraft:block_entity_type
[17Jul2026 23:16:11.367] [modloading-worker-0/INFO] [Railways/MultiRegistryCallback/]: Registering callback for railways:light_gray_locometal_flywheel in minecraft:block
[17Jul2026 23:16:11.367] [modloading-worker-0/INFO] [Railways/MultiRegistryCallback/]: Registering callback for create:sliding_door in minecraft:block_entity_type
[17Jul2026 23:16:11.367] [modloading-worker-0/INFO] [Railways/MultiRegistryCallback/]: Registering callback for railways:light_gray_sliding_locometal_door in minecraft:block
[17Jul2026 23:16:11.367] [modloading-worker-0/INFO] [Railways/MultiRegistryCallback/]: Registering callback for create:sliding_door in minecraft:block_entity_type
[17Jul2026 23:16:11.367] [modloading-worker-0/INFO] [Railways/MultiRegistryCallback/]: Registering callback for railways:light_gray_folding_locometal_door in minecraft:block
[17Jul2026 23:16:11.367] [modloading-worker-0/INFO] [Railways/MultiRegistryCallback/]: Registering callback for create:flywheel in minecraft:block_entity_type
[17Jul2026 23:16:11.367] [modloading-worker-0/INFO] [Railways/MultiRegistryCallback/]: Registering callback for railways:tuff_locometal_flywheel in minecraft:block
[17Jul2026 23:16:11.367] [modloading-worker-0/INFO] [Railways/MultiRegistryCallback/]: Registering callback for create:sliding_door in minecraft:block_entity_type
[17Jul2026 23:16:11.367] [modloading-worker-0/INFO] [Railways/MultiRegistryCallback/]: Registering callback for railways:tuff_sliding_locometal_door in minecraft:block
[17Jul2026 23:16:11.367] [modloading-worker-0/INFO] [Railways/MultiRegistryCallback/]: Registering callback for create:sliding_door in minecraft:block_entity_type
[17Jul2026 23:16:11.368] [modloading-worker-0/INFO] [Railways/MultiRegistryCallback/]: Registering callback for railways:tuff_folding_locometal_door in minecraft:block
[17Jul2026 23:16:11.368] [modloading-worker-0/INFO] [Railways/MultiRegistryCallback/]: Registering callback for create:flywheel in minecraft:block_entity_type
[17Jul2026 23:16:11.368] [modloading-worker-0/INFO] [Railways/MultiRegistryCallback/]: Registering callback for railways:gray_locometal_flywheel in minecraft:block
[17Jul2026 23:16:11.369] [modloading-worker-0/INFO] [Railways/MultiRegistryCallback/]: Registering callback for create:sliding_door in minecraft:block_entity_type
[17Jul2026 23:16:11.369] [modloading-worker-0/INFO] [Railways/MultiRegistryCallback/]: Registering callback for railways:gray_sliding_locometal_door in minecraft:block
[17Jul2026 23:16:11.369] [modloading-worker-0/INFO] [Railways/MultiRegistryCallback/]: Registering callback for create:sliding_door in minecraft:block_entity_type
[17Jul2026 23:16:11.369] [modloading-worker-0/INFO] [Railways/MultiRegistryCallback/]: Registering callback for railways:gray_folding_locometal_door in minecraft:block
[17Jul2026 23:16:11.369] [modloading-worker-0/INFO] [Railways/MultiRegistryCallback/]: Registering callback for create:flywheel in minecraft:block_entity_type
[17Jul2026 23:16:11.369] [modloading-worker-0/INFO] [Railways/MultiRegistryCallback/]: Registering callback for railways:scorchia_locometal_flywheel in minecraft:block
[17Jul2026 23:16:11.369] [modloading-worker-0/INFO] [Railways/MultiRegistryCallback/]: Registering callback for create:sliding_door in minecraft:block_entity_type
[17Jul2026 23:16:11.369] [modloading-worker-0/INFO] [Railways/MultiRegistryCallback/]: Registering callback for railways:scorchia_sliding_locometal_door in minecraft:block
[17Jul2026 23:16:11.369] [modloading-worker-0/INFO] [Railways/MultiRegistryCallback/]: Registering callback for create:sliding_door in minecraft:block_entity_type
[17Jul2026 23:16:11.369] [modloading-worker-0/INFO] [Railways/MultiRegistryCallback/]: Registering callback for railways:scorchia_folding_locometal_door in minecraft:block
[17Jul2026 23:16:11.369] [modloading-worker-0/INFO] [Railways/MultiRegistryCallback/]: Registering callback for create:flywheel in minecraft:block_entity_type
[17Jul2026 23:16:11.369] [modloading-worker-0/INFO] [Railways/MultiRegistryCallback/]: Registering callback for railways:black_locometal_flywheel in minecraft:block
[17Jul2026 23:16:11.369] [modloading-worker-0/INFO] [Railways/MultiRegistryCallback/]: Registering callback for create:sliding_door in minecraft:block_entity_type
[17Jul2026 23:16:11.369] [modloading-worker-0/INFO] [Railways/MultiRegistryCallback/]: Registering callback for railways:black_sliding_locometal_door in minecraft:block
[17Jul2026 23:16:11.369] [modloading-worker-0/INFO] [Railways/MultiRegistryCallback/]: Registering callback for create:sliding_door in minecraft:block_entity_type
[17Jul2026 23:16:11.369] [modloading-worker-0/INFO] [Railways/MultiRegistryCallback/]: Registering callback for railways:black_folding_locometal_door in minecraft:block
[17Jul2026 23:16:11.405] [modloading-worker-0/INFO] [Railways/]: Registering tracks for Hex Casting
[17Jul2026 23:16:11.406] [modloading-worker-0/INFO] [Railways/]: Registering tracks for Oh The Biomes You'll Go
[17Jul2026 23:16:11.406] [modloading-worker-0/INFO] [Railways/]: Registering tracks for Blue Skies
[17Jul2026 23:16:11.407] [modloading-worker-0/INFO] [Railways/]: Registering tracks for Twilight Forest
[17Jul2026 23:16:11.475] [modloading-worker-0/INFO] [Railways/]: Registering tracks for Biomes O' Plenty
[17Jul2026 23:16:11.489] [modloading-worker-0/INFO] [Railways/]: Registering tracks for Nature's Spirit
[17Jul2026 23:16:11.489] [modloading-worker-0/INFO] [Railways/]: Registering tracks for Dreams and Desires
[17Jul2026 23:16:11.493] [modloading-worker-0/INFO] [Railways/]: Registering tracks for Quark
[17Jul2026 23:16:11.495] [modloading-worker-0/INFO] [Railways/]: Registering tracks for TerraFirmaCraft
[17Jul2026 23:16:11.620] [modloading-worker-0/INFO] [quark/]: Initializing TerraBlender underground biome compat
[17Jul2026 23:16:12.102] [modloading-worker-0/INFO] [quark-zeta/]: Discovered 164 modules to load.
[17Jul2026 23:16:12.103] [modloading-worker-0/INFO] [quark-zeta/]: Constructing module Abacus...
[17Jul2026 23:16:12.104] [modloading-worker-0/INFO] [de.keksuccino.fancymenu.FancyMenu/]: [FANCYMENU] Loading v3.9.3 in server-side mode on FORGE!
[17Jul2026 23:16:12.113] [modloading-worker-0/INFO] [quark-zeta/]: Constructing module Adjustable Chat...
[17Jul2026 23:16:12.114] [modloading-worker-0/INFO] [quark-zeta/]: Constructing module Ambient Discs...
[17Jul2026 23:16:12.121] [modloading-worker-0/INFO] [quark-zeta/]: Constructing module Ancient Tomes...
[17Jul2026 23:16:12.144] [modloading-worker-0/INFO] [quark-zeta/]: Constructing module Ancient Wood...
[17Jul2026 23:16:12.173] [modloading-worker-0/INFO] [quark-zeta/]: Constructing module Armed Armor Stands...
[17Jul2026 23:16:12.174] [modloading-worker-0/INFO] [quark-zeta/]: Constructing module Auto Walk Keybind...
[17Jul2026 23:16:12.177] [modloading-worker-0/INFO] [quark-zeta/]: Constructing module Automatic Recipe Unlock...
[17Jul2026 23:16:12.179] [modloading-worker-0/INFO] [quark-zeta/]: Constructing module Automatic Tool Restock...
[17Jul2026 23:16:12.186] [modloading-worker-0/INFO] [quark-zeta/]: Constructing module Azalea Wood...
[17Jul2026 23:16:12.187] [modloading-worker-0/INFO] [quark-zeta/]: Constructing module Back Button Keybind...
[17Jul2026 23:16:12.187] [modloading-worker-0/INFO] [quark-zeta/]: Constructing module Backpack...
[17Jul2026 23:16:12.202] [modloading-worker-0/INFO] [quark-zeta/]: Constructing module Beacon Redirection...
[17Jul2026 23:16:12.210] [modloading-worker-0/INFO] [quark-zeta/]: Constructing module Better Elytra Rocket...
[17Jul2026 23:16:12.210] [modloading-worker-0/INFO] [quark-zeta/]: Constructing module Big Stone Clusters...
[17Jul2026 23:16:12.234] [modloading-worker-0/INFO] [quark-zeta/]: Constructing module Blossom Trees...
[17Jul2026 23:16:12.249] [modloading-worker-0/INFO] [quark-zeta/]: Constructing module Bottled Cloud...
[17Jul2026 23:16:12.262] [modloading-worker-0/INFO] [quark-zeta/]: Constructing module Buckets Show Inhabitants...
[17Jul2026 23:16:12.263] [modloading-worker-0/INFO] [quark-zeta/]: Constructing module Camera...
[17Jul2026 23:16:12.272] [modloading-worker-0/INFO] [quark-zeta/]: Constructing module Campfires Boost Elytra...
[17Jul2026 23:16:12.275] [modloading-worker-0/INFO] [quark-zeta/]: Constructing module Celebratory Lamps...
[17Jul2026 23:16:12.278] [modloading-worker-0/INFO] [quark-zeta/]: Constructing module Chains Connect Blocks...
[17Jul2026 23:16:12.278] [modloading-worker-0/INFO] [quark-zeta/]: Constructing module Chest Searching...
[17Jul2026 23:16:12.278] [modloading-worker-0/INFO] [quark-zeta/]: Constructing module Chorus Vegetation...
[17Jul2026 23:16:12.274] [modloading-worker-0/WARN] [de.keksuccino.justzoom.JustZoom/]: [JUST ZOOM] Disabling 'Just Zoom' since it's a client-side mod and current environment is server!
[17Jul2026 23:16:12.284] [modloading-worker-0/INFO] [be.florens.expandability.ExpandAbility/]: ExpandAbility here, who dis?
[17Jul2026 23:16:12.293] [modloading-worker-0/INFO] [quark-zeta/]: Constructing module Chute...
[17Jul2026 23:16:12.297] [modloading-worker-0/INFO] [quark-zeta/]: Constructing module Climate Control Remover...
[17Jul2026 23:16:12.299] [modloading-worker-0/INFO] [quark-zeta/]: Constructing module Color Runes...
[17Jul2026 23:16:12.306] [modloading-worker-0/INFO] [quark-zeta/]: Constructing module Compasses Work Everywhere...
[17Jul2026 23:16:12.307] [modloading-worker-0/INFO] [quark-zeta/]: Constructing module Compressed Blocks...
[17Jul2026 23:16:12.307] [modloading-worker-0/INFO] [quark-zeta/]: Constructing module Coral On Cactus...
[17Jul2026 23:16:12.308] [modloading-worker-0/INFO] [quark-zeta/]: Constructing module Corundum...
[17Jul2026 23:16:12.408] [modloading-worker-0/INFO] [quark-zeta/]: Constructing module Crabs...
[17Jul2026 23:16:12.411] [modloading-worker-0/INFO] [quark-zeta/]: Constructing module Crafter...
[17Jul2026 23:16:12.417] [modloading-worker-0/INFO] [quark-zeta/]: Constructing module Crate...
[17Jul2026 23:16:12.418] [modloading-worker-0/INFO] [quark-zeta/]: Constructing module Diamond Repair...
[17Jul2026 23:16:12.418] [modloading-worker-0/INFO] [quark-zeta/]: Constructing module Dispensers Place Blocks...
[17Jul2026 23:16:12.422] [modloading-worker-0/INFO] [quark-zeta/]: Constructing module Double Door Opening...
[17Jul2026 23:16:12.422] [modloading-worker-0/INFO] [quark-zeta/]: Constructing module Dragon Scales...
[17Jul2026 23:16:12.423] [modloading-worker-0/INFO] [quark-zeta/]: Constructing module Duskbound Blocks...
[17Jul2026 23:16:12.423] [modloading-worker-0/INFO] [quark-zeta/]: Constructing module Dyeable Item Frames...
[17Jul2026 23:16:12.424] [modloading-worker-0/INFO] [quark-zeta/]: Constructing module Easy Transfering...
[17Jul2026 23:16:12.424] [modloading-worker-0/INFO] [quark-zeta/]: Constructing module Elytra Indicator...
[17Jul2026 23:16:12.425] [modloading-worker-0/INFO] [quark-zeta/]: Constructing module Emotes...
[17Jul2026 23:16:12.427] [modloading-worker-0/INFO] [quark-zeta/]: Constructing module Enchantment Predicates...
[17Jul2026 23:16:12.427] [modloading-worker-0/INFO] [quark-zeta/]: Constructing module Enchantments Begone...
[17Jul2026 23:16:12.428] [modloading-worker-0/INFO] [quark-zeta/]: Constructing module Ender Watcher...
[17Jul2026 23:16:12.429] [modloading-worker-0/INFO] [quark-zeta/]: Constructing module Endermosh Music Disc...
[17Jul2026 23:16:12.433] [modloading-worker-0/INFO] [quark-zeta/]: Constructing module Enhanced Ladders...
[17Jul2026 23:16:12.437] [modloading-worker-0/INFO] [quark-zeta/]: Constructing module Expanded Item Interactions...
[17Jul2026 23:16:12.438] [modloading-worker-0/INFO] [quark-zeta/]: Constructing module Fairy Rings...
[17Jul2026 23:16:12.439] [modloading-worker-0/INFO] [quark-zeta/]: Constructing module Fallen Logs...
[17Jul2026 23:16:12.442] [modloading-worker-0/INFO] [quark-zeta/]: Constructing module Feeding Trough...
[17Jul2026 23:16:12.445] [modloading-worker-0/INFO] [quark-zeta/]: Constructing module Forgotten...
[17Jul2026 23:16:12.455] [modloading-worker-0/INFO] [quark-zeta/]: Constructing module Foxhound...
[17Jul2026 23:16:12.459] [modloading-worker-0/INFO] [quark-zeta/]: Constructing module Framed Glass...
[17Jul2026 23:16:12.460] [modloading-worker-0/INFO] [quark-zeta/]: Constructing module Game Nerfs...
[17Jul2026 23:16:12.460] [modloading-worker-0/INFO] [quark-zeta/]: Constructing module Glass Item Frame...
[17Jul2026 23:16:12.465] [modloading-worker-0/INFO] [quark-zeta/]: Constructing module Glass Shard...
[17Jul2026 23:16:12.466] [modloading-worker-0/INFO] [quark-zeta/]: Constructing module Glimmering Weald...
[17Jul2026 23:16:12.480] [modloading-worker-0/INFO] [quark-zeta/]: Constructing module Gold Bars...
[17Jul2026 23:16:12.480] [modloading-worker-0/INFO] [quark-zeta/]: Constructing module Gold Tools Have Fortune...
[17Jul2026 23:16:12.481] [modloading-worker-0/INFO] [quark-zeta/]: Constructing module Grab Chickens...
[17Jul2026 23:16:12.482] [modloading-worker-0/INFO] [quark-zeta/]: Constructing module Grate...
[17Jul2026 23:16:12.484] [modloading-worker-0/INFO] [quark-zeta/]: Constructing module Gravisand...
[17Jul2026 23:16:12.485] [modloading-worker-0/INFO] [quark-zeta/]: Constructing module Greener Grass...
[17Jul2026 23:16:12.486] [modloading-worker-0/INFO] [quark-zeta/]: Constructing module Hedges...
[17Jul2026 23:16:12.487] [modloading-worker-0/INFO] [quark-zeta/]: Constructing module Hoe Harvesting...
[17Jul2026 23:16:12.488] [modloading-worker-0/INFO] [quark-zeta/]: Constructing module Hollow Logs...
[17Jul2026 23:16:12.488] [modloading-worker-0/INFO] [quark-zeta/]: Constructing module Horses Swim...
[17Jul2026 23:16:12.488] [modloading-worker-0/INFO] [quark-zeta/]: Constructing module Hotbar Changer...
[17Jul2026 23:16:12.488] [modloading-worker-0/INFO] [quark-zeta/]: Constructing module Improved Sponges...
[17Jul2026 23:16:12.489] [modloading-worker-0/INFO] [quark-zeta/]: Constructing module Improved Tooltips...
[17Jul2026 23:16:12.489] [modloading-worker-0/INFO] [quark-zeta/]: Constructing module Industrial Palette...
[17Jul2026 23:16:12.490] [modloading-worker-0/INFO] [quark-zeta/]: Constructing module Inventory Sorting...
[17Jul2026 23:16:12.490] [modloading-worker-0/INFO] [quark-zeta/]: Constructing module Iron Rod...
[17Jul2026 23:16:12.496] [modloading-worker-0/INFO] [quark-zeta/]: Constructing module Item Sharing...
[17Jul2026 23:16:12.497] [modloading-worker-0/INFO] [quark-zeta/]: Constructing module Japanese Palette...
[17Jul2026 23:16:12.497] [modloading-worker-0/INFO] [quark-zeta/]: Constructing module Leaf Carpet...
[17Jul2026 23:16:12.497] [modloading-worker-0/INFO] [quark-zeta/]: Constructing module Lock Rotation...
[17Jul2026 23:16:12.498] [modloading-worker-0/INFO] [quark-zeta/]: Constructing module Long Range Pick Block...
[17Jul2026 23:16:12.498] [modloading-worker-0/INFO] [quark-zeta/]: Constructing module Magma Keeps Concrete Powder...
[17Jul2026 23:16:12.498] [modloading-worker-0/INFO] [quark-zeta/]: Constructing module Magnets...
[17Jul2026 23:16:12.501] [modloading-worker-0/INFO] [quark-zeta/]: Constructing module Map Washing...
[17Jul2026 23:16:12.502] [modloading-worker-0/INFO] [quark-zeta/]: Constructing module Matrix Enchanting...
[17Jul2026 23:16:12.508] [modloading-worker-0/INFO] [quark-zeta/]: Constructing module Metal Buttons...
[17Jul2026 23:16:12.508] [modloading-worker-0/INFO] [quark-zeta/]: Constructing module Microcrafting Helper...
[17Jul2026 23:16:12.508] [modloading-worker-0/INFO] [quark-zeta/]: Constructing module Midori...
[17Jul2026 23:16:12.509] [modloading-worker-0/INFO] [quark-zeta/]: Constructing module Monster Box...
[17Jul2026 23:16:12.509] [modloading-worker-0/INFO] [quark-zeta/]: Constructing module More Banner Layers...
[17Jul2026 23:16:12.509] [modloading-worker-0/INFO] [quark-zeta/]: Constructing module More Brick Types...
[17Jul2026 23:16:12.510] [modloading-worker-0/INFO] [quark-zeta/]: Constructing module More Mud Blocks...
[17Jul2026 23:16:12.510] [modloading-worker-0/INFO] [quark-zeta/]: Constructing module More Note Block Sounds...
[17Jul2026 23:16:12.510] [modloading-worker-0/INFO] [quark-zeta/]: Constructing module More Potted Plants...
[17Jul2026 23:16:12.511] [modloading-worker-0/INFO] [quark-zeta/]: Constructing module More Villagers...
[17Jul2026 23:16:12.511] [modloading-worker-0/INFO] [quark-zeta/]: Constructing module Narrator Readout...
[17Jul2026 23:16:12.511] [modloading-worker-0/INFO] [quark-zeta/]: Constructing module Nether Brick Fence Gate...
[17Jul2026 23:16:12.511] [modloading-worker-0/INFO] [quark-zeta/]: Constructing module Nether Obsidian Spikes...
[17Jul2026 23:16:12.512] [modloading-worker-0/INFO] [quark-zeta/]: Constructing module New Stone Types...
[17Jul2026 23:16:12.514] [modloading-worker-0/INFO] [quark-zeta/]: Constructing module No Durability On Cosmetics...
[17Jul2026 23:16:12.515] [modloading-worker-0/INFO] [quark-zeta/]: Constructing module No More Lava Pockets...
[17Jul2026 23:16:12.515] [modloading-worker-0/INFO] [quark-zeta/]: Constructing module Obsidian Plate...
[17Jul2026 23:16:12.515] [modloading-worker-0/INFO] [quark-zeta/]: Constructing module Overlay Shader...
[17Jul2026 23:16:12.515] [modloading-worker-0/INFO] [quark-zeta/]: Constructing module Parrot Eggs...
[17Jul2026 23:16:12.516] [modloading-worker-0/INFO] [quark-zeta/]: Constructing module Pat The Dogs...
[17Jul2026 23:16:12.517] [modloading-worker-0/INFO] [quark-zeta/]: Constructing module Pathfinder Maps...
[17Jul2026 23:16:12.520] [modloading-worker-0/INFO] [quark-zeta/]: Constructing module Permafrost...
[17Jul2026 23:16:12.521] [modloading-worker-0/INFO] [quark-zeta/]: Constructing module Petals On Water...
[17Jul2026 23:16:12.522] [modloading-worker-0/INFO] [quark-zeta/]: Constructing module Pickarang...
[17Jul2026 23:16:12.524] [modloading-worker-0/INFO] [quark-zeta/]: Constructing module Pig Litters...
[17Jul2026 23:16:12.525] [modloading-worker-0/INFO] [quark-zeta/]: Constructing module Pipes...
[17Jul2026 23:16:12.528] [modloading-worker-0/INFO] [quark-zeta/]: Constructing module Pistons Move Tile Entities...
[17Jul2026 23:16:12.529] [modloading-worker-0/INFO] [quark-zeta/]: Constructing module Poison Potato Usage...
[17Jul2026 23:16:12.529] [modloading-worker-0/INFO] [quark-zeta/]: Constructing module Quick Armor Swapping...
[17Jul2026 23:16:12.529] [modloading-worker-0/INFO] [quark-zeta/]: Constructing module Rainbow Lamps...
[17Jul2026 23:16:12.530] [modloading-worker-0/INFO] [quark-zeta/]: Constructing module Raw Metal Bricks...
[17Jul2026 23:16:12.530] [modloading-worker-0/INFO] [quark-zeta/]: Constructing module Reacharound Placing...
[17Jul2026 23:16:12.531] [modloading-worker-0/INFO] [quark-zeta/]: Constructing module Redstone Randomizer...
[17Jul2026 23:16:12.532] [modloading-worker-0/INFO] [quark-zeta/]: Constructing module Renewable Spore Blossoms...
[17Jul2026 23:16:12.532] [modloading-worker-0/INFO] [quark-zeta/]: Constructing module Replace Scaffolding...
[17Jul2026 23:16:12.533] [modloading-worker-0/INFO] [quark-zeta/]: Constructing module Rope...
[17Jul2026 23:16:12.535] [modloading-worker-0/INFO] [quark-zeta/]: Constructing module Safer Creatures...
[17Jul2026 23:16:12.535] [modloading-worker-0/INFO] [quark-zeta/]: Constructing module Seed Pouch...
[17Jul2026 23:16:12.537] [modloading-worker-0/INFO] [quark-zeta/]: Constructing module Shear Vines...
[17Jul2026 23:16:12.544] [modloading-worker-0/INFO] [quark-zeta/]: Constructing module Shiba...
[17Jul2026 23:16:12.545] [modloading-worker-0/INFO] [quark-zeta/]: Constructing module Shingles...
[17Jul2026 23:16:12.545] [modloading-worker-0/INFO] [quark-zeta/]: Constructing module Shulker Packing...
[17Jul2026 23:16:12.545] [modloading-worker-0/INFO] [quark-zeta/]: Constructing module Simple Harvest...
[17Jul2026 23:16:12.546] [modloading-worker-0/INFO] [quark-zeta/]: Constructing module Skull Pikes...
[17Jul2026 23:16:12.548] [modloading-worker-0/INFO] [quark-zeta/]: Constructing module Slabs To Blocks...
[17Jul2026 23:16:12.548] [modloading-worker-0/INFO] [quark-zeta/]: Constructing module Slime In A Bucket...
[17Jul2026 23:16:12.550] [modloading-worker-0/INFO] [quark-zeta/]: Constructing module Slimes To Magma Cubes...
[17Jul2026 23:16:12.550] [modloading-worker-0/INFO] [quark-zeta/]: Constructing module Snow Golem Player Heads...
[17Jul2026 23:16:12.550] [modloading-worker-0/INFO] [quark-zeta/]: Constructing module Soul Candles...
[17Jul2026 23:16:12.551] [modloading-worker-0/INFO] [quark-zeta/]: Constructing module Soul Sandstone...
[17Jul2026 23:16:12.551] [modloading-worker-0/INFO] [quark-zeta/]: Constructing module Spawner Replacer...
[17Jul2026 23:16:12.551] [modloading-worker-0/INFO] [quark-zeta/]: Constructing module Spiral Spires...
[17Jul2026 23:16:12.553] [modloading-worker-0/INFO] [quark-zeta/]: Constructing module Stonelings...
[17Jul2026 23:16:12.554] [modloading-worker-0/INFO] [quark-zeta/]: Constructing module Stools...
[17Jul2026 23:16:12.554] [modloading-worker-0/INFO] [quark-zeta/]: Constructing module Sturdy Stone...
[17Jul2026 23:16:12.555] [modloading-worker-0/INFO] [quark-zeta/]: Constructing module Thatch...
[17Jul2026 23:16:12.556] [modloading-worker-0/INFO] [quark-zeta/]: Constructing module Tiny Potato...
[17Jul2026 23:16:12.558] [modloading-worker-0/INFO] [quark-zeta/]: Constructing module Torch Arrow...
[17Jul2026 23:16:12.560] [modloading-worker-0/INFO] [quark-zeta/]: Constructing module Toretoise...
[17Jul2026 23:16:12.560] [modloading-worker-0/INFO] [quark-zeta/]: Constructing module Totem Of Holding...
[17Jul2026 23:16:12.562] [modloading-worker-0/INFO] [quark-zeta/]: Constructing module Trowel...
[17Jul2026 23:16:12.563] [modloading-worker-0/INFO] [quark-zeta/]: Constructing module Usage Ticker...
[17Jul2026 23:16:12.563] [modloading-worker-0/INFO] [quark-zeta/]: Constructing module Uses For Curses...
[17Jul2026 23:16:12.563] [modloading-worker-0/INFO] [quark-zeta/]: Constructing module Utility Recipes...
[17Jul2026 23:16:12.564] [modloading-worker-0/INFO] [quark-zeta/]: Constructing module Variant Animal Textures...
[17Jul2026 23:16:12.564] [modloading-worker-0/INFO] [quark-zeta/]: Constructing module Variant Bookshelves...
[17Jul2026 23:16:12.564] [modloading-worker-0/INFO] [quark-zeta/]: Constructing module Variant Chests...
[17Jul2026 23:16:12.574] [modloading-worker-0/INFO] [quark-zeta/]: Constructing module Variant Furnaces...
[17Jul2026 23:16:12.580] [modloading-worker-0/INFO] [quark-zeta/]: Constructing module Variant Ladders...
[17Jul2026 23:16:12.581] [modloading-worker-0/INFO] [quark-zeta/]: Constructing module Variant Selector...
[17Jul2026 23:16:12.583] [modloading-worker-0/INFO] [quark-zeta/]: Constructing module Vertical Planks...
[17Jul2026 23:16:12.583] [modloading-worker-0/INFO] [quark-zeta/]: Constructing module Vertical Slabs...
[17Jul2026 23:16:12.594] [modloading-worker-0/INFO] [quark-zeta/]: Constructing module Vexes Die With Their Masters...
[17Jul2026 23:16:12.594] [modloading-worker-0/INFO] [quark-zeta/]: Constructing module Villager Rerolling Rework...
[17Jul2026 23:16:12.595] [modloading-worker-0/INFO] [quark-zeta/]: Constructing module Villagers Follow Emeralds...
[17Jul2026 23:16:12.595] [modloading-worker-0/INFO] [quark-zeta/]: Constructing module Wooden Posts...
[17Jul2026 23:16:12.597] [modloading-worker-0/INFO] [quark-zeta/]: Constructing module Wool Shuts Up Minecarts...
[17Jul2026 23:16:12.597] [modloading-worker-0/INFO] [quark-zeta/]: Constructing module Wraith...
[17Jul2026 23:16:12.598] [modloading-worker-0/INFO] [quark-zeta/]: Constructing module Zombie Villagers On Normal...
[17Jul2026 23:16:12.602] [modloading-worker-0/INFO] [quark-zeta/]: Constructing module More Stone Variants...
[17Jul2026 23:16:12.602] [modloading-worker-0/INFO] [quark-zeta/]: Constructed 164 modules.
[17Jul2026 23:16:12.678] [modloading-worker-0/INFO] [quark-zeta/]: Doing super early config setup for quark
[17Jul2026 23:16:13.677] [main/WARN] [mixin/]: Method overwrite conflict for m_140184_ in lithium.mixins.json:world.player_chunk_tick.ThreadedAnvilChunkStorageMixin, previously written by me.steinborn.krypton.mixin.shared.network.flushconsolidation.ThreadedAnvilChunkStorageMixin. Skipping method.
[17Jul2026 23:16:13.689] [main/WARN] [mixin/]: @Redirect conflict. Skipping securitycraft.mixins.json:camera.ChunkMapMixin->@Redirect::securitycraft$getCameraSectionPos(Lnet/minecraft/server/level/ServerPlayer;)Lnet/minecraft/core/SectionPos; with priority 1100, already redirected by railways-common.mixins.json:conductor_possession.ChunkMapMixin->@Redirect::securitycraft$getCameraSectionPos(Lnet/minecraft/server/level/ServerPlayer;)Lnet/minecraft/core/SectionPos; with priority 1200
[17Jul2026 23:16:18.614] [main/INFO] [Moonlight/]: Initialized block sets in 43ms
[17Jul2026 23:16:19.233] [main/WARN] [dev.architectury.registry.registries.forge.RegistrarManagerImpl/]: Registry entry listened Registry Entry [minecraft:entity_type / artifacts:mimic] was not realized!
[17Jul2026 23:16:19.233] [main/WARN] [dev.architectury.registry.registries.forge.RegistrarManagerImpl/]: Registry entry listened Registry Entry [minecraft:entity_type / artifacts:mimic] was not realized!
[17Jul2026 23:16:19.233] [main/WARN] [dev.architectury.registry.registries.forge.RegistrarManagerImpl/]: Registry entry listened Registry Entry [minecraft:entity_type / artifacts:mimic] was not realized!
[17Jul2026 23:16:19.240] [main/WARN] [dev.architectury.registry.registries.forge.RegistrarManagerImpl/]: Registry entry listened Registry Entry [minecraft:entity_type / artifacts:mimic] was not realized!
[17Jul2026 23:16:19.428] [main/INFO] [Railways/MultiRegistryCallback/]: Running callback for create:flywheel and railways:locometal_flywheel
[17Jul2026 23:16:19.428] [main/INFO] [Railways/MultiRegistryCallback/]: Running callback for create:flywheel and railways:brown_locometal_flywheel
[17Jul2026 23:16:19.428] [main/INFO] [Railways/MultiRegistryCallback/]: Running callback for create:flywheel and railways:maroon_locometal_flywheel
[17Jul2026 23:16:19.428] [main/INFO] [Railways/MultiRegistryCallback/]: Running callback for create:flywheel and railways:red_locometal_flywheel
[17Jul2026 23:16:19.429] [main/INFO] [Railways/MultiRegistryCallback/]: Running callback for create:flywheel and railways:vermilion_locometal_flywheel
[17Jul2026 23:16:19.429] [main/INFO] [Railways/MultiRegistryCallback/]: Running callback for create:flywheel and railways:orange_locometal_flywheel
[17Jul2026 23:16:19.429] [main/INFO] [Railways/MultiRegistryCallback/]: Running callback for create:flywheel and railways:granite_locometal_flywheel
[17Jul2026 23:16:19.429] [main/INFO] [Railways/MultiRegistryCallback/]: Running callback for create:flywheel and railways:dripstone_locometal_flywheel
[17Jul2026 23:16:19.429] [main/INFO] [Railways/MultiRegistryCallback/]: Running callback for create:flywheel and railways:ochrum_locometal_flywheel
[17Jul2026 23:16:19.429] [main/INFO] [Railways/MultiRegistryCallback/]: Running callback for create:flywheel and railways:yellow_locometal_flywheel
[17Jul2026 23:16:19.429] [main/INFO] [Railways/MultiRegistryCallback/]: Running callback for create:flywheel and railways:chartreuse_locometal_flywheel
[17Jul2026 23:16:19.429] [main/INFO] [Railways/MultiRegistryCallback/]: Running callback for create:flywheel and railways:olive_green_locometal_flywheel
[17Jul2026 23:16:19.429] [main/INFO] [Railways/MultiRegistryCallback/]: Running callback for create:flywheel and railways:lime_locometal_flywheel
[17Jul2026 23:16:19.429] [main/INFO] [Railways/MultiRegistryCallback/]: Running callback for create:flywheel and railways:green_locometal_flywheel
[17Jul2026 23:16:19.429] [main/INFO] [Railways/MultiRegistryCallback/]: Running callback for create:flywheel and railways:pine_green_locometal_flywheel
[17Jul2026 23:16:19.429] [main/INFO] [Railways/MultiRegistryCallback/]: Running callback for create:flywheel and railways:cyan_locometal_flywheel
[17Jul2026 23:16:19.429] [main/INFO] [Railways/MultiRegistryCallback/]: Running callback for create:flywheel and railways:sea_green_locometal_flywheel
[17Jul2026 23:16:19.429] [main/INFO] [Railways/MultiRegistryCallback/]: Running callback for create:flywheel and railways:turquoise_locometal_flywheel
[17Jul2026 23:16:19.429] [main/INFO] [Railways/MultiRegistryCallback/]: Running callback for create:flywheel and railways:light_blue_locometal_flywheel
[17Jul2026 23:16:19.430] [main/INFO] [Railways/MultiRegistryCallback/]: Running callback for create:flywheel and railways:blue_locometal_flywheel
[17Jul2026 23:16:19.430] [main/INFO] [Railways/MultiRegistryCallback/]: Running callback for create:flywheel and railways:royal_blue_locometal_flywheel
[17Jul2026 23:16:19.430] [main/INFO] [Railways/MultiRegistryCallback/]: Running callback for create:flywheel and railways:purple_locometal_flywheel
[17Jul2026 23:16:19.430] [main/INFO] [Railways/MultiRegistryCallback/]: Running callback for create:flywheel and railways:magenta_locometal_flywheel
[17Jul2026 23:16:19.430] [main/INFO] [Railways/MultiRegistryCallback/]: Running callback for create:flywheel and railways:pink_locometal_flywheel
[17Jul2026 23:16:19.430] [main/INFO] [Railways/MultiRegistryCallback/]: Running callback for create:flywheel and railways:white_locometal_flywheel
[17Jul2026 23:16:19.430] [main/INFO] [Railways/MultiRegistryCallback/]: Running callback for create:flywheel and railways:diorite_locometal_flywheel
[17Jul2026 23:16:19.430] [main/INFO] [Railways/MultiRegistryCallback/]: Running callback for create:flywheel and railways:limestone_locometal_flywheel
[17Jul2026 23:16:19.430] [main/INFO] [Railways/MultiRegistryCallback/]: Running callback for create:flywheel and railways:light_gray_locometal_flywheel
[17Jul2026 23:16:19.430] [main/INFO] [Railways/MultiRegistryCallback/]: Running callback for create:flywheel and railways:tuff_locometal_flywheel
[17Jul2026 23:16:19.430] [main/INFO] [Railways/MultiRegistryCallback/]: Running callback for create:flywheel and railways:gray_locometal_flywheel
[17Jul2026 23:16:19.430] [main/INFO] [Railways/MultiRegistryCallback/]: Running callback for create:flywheel and railways:scorchia_locometal_flywheel
[17Jul2026 23:16:19.430] [main/INFO] [Railways/MultiRegistryCallback/]: Running callback for create:flywheel and railways:black_locometal_flywheel
[17Jul2026 23:16:19.433] [main/INFO] [Railways/MultiRegistryCallback/]: Running callback for create:sliding_door and railways:sliding_locometal_door
[17Jul2026 23:16:19.433] [main/INFO] [Railways/MultiRegistryCallback/]: Running callback for create:sliding_door and railways:folding_locometal_door
[17Jul2026 23:16:19.433] [main/INFO] [Railways/MultiRegistryCallback/]: Running callback for create:sliding_door and railways:brown_sliding_locometal_door
[17Jul2026 23:16:19.433] [main/INFO] [Railways/MultiRegistryCallback/]: Running callback for create:sliding_door and railways:brown_folding_locometal_door
[17Jul2026 23:16:19.433] [main/INFO] [Railways/MultiRegistryCallback/]: Running callback for create:sliding_door and railways:maroon_sliding_locometal_door
[17Jul2026 23:16:19.434] [main/INFO] [Railways/MultiRegistryCallback/]: Running callback for create:sliding_door and railways:maroon_folding_locometal_door
[17Jul2026 23:16:19.434] [main/INFO] [Railways/MultiRegistryCallback/]: Running callback for create:sliding_door and railways:red_sliding_locometal_door
[17Jul2026 23:16:19.434] [main/INFO] [Railways/MultiRegistryCallback/]: Running callback for create:sliding_door and railways:red_folding_locometal_door
[17Jul2026 23:16:19.434] [main/INFO] [Railways/MultiRegistryCallback/]: Running callback for create:sliding_door and railways:vermilion_sliding_locometal_door
[17Jul2026 23:16:19.434] [main/INFO] [Railways/MultiRegistryCallback/]: Running callback for create:sliding_door and railways:vermilion_folding_locometal_door
[17Jul2026 23:16:19.434] [main/INFO] [Railways/MultiRegistryCallback/]: Running callback for create:sliding_door and railways:orange_sliding_locometal_door
[17Jul2026 23:16:19.434] [main/INFO] [Railways/MultiRegistryCallback/]: Running callback for create:sliding_door and railways:orange_folding_locometal_door
[17Jul2026 23:16:19.434] [main/INFO] [Railways/MultiRegistryCallback/]: Running callback for create:sliding_door and railways:granite_sliding_locometal_door
[17Jul2026 23:16:19.434] [main/INFO] [Railways/MultiRegistryCallback/]: Running callback for create:sliding_door and railways:granite_folding_locometal_door
[17Jul2026 23:16:19.434] [main/INFO] [Railways/MultiRegistryCallback/]: Running callback for create:sliding_door and railways:dripstone_sliding_locometal_door
[17Jul2026 23:16:19.434] [main/INFO] [Railways/MultiRegistryCallback/]: Running callback for create:sliding_door and railways:dripstone_folding_locometal_door
[17Jul2026 23:16:19.434] [main/INFO] [Railways/MultiRegistryCallback/]: Running callback for create:sliding_door and railways:ochrum_sliding_locometal_door
[17Jul2026 23:16:19.434] [main/INFO] [Railways/MultiRegistryCallback/]: Running callback for create:sliding_door and railways:ochrum_folding_locometal_door
[17Jul2026 23:16:19.434] [main/INFO] [Railways/MultiRegistryCallback/]: Running callback for create:sliding_door and railways:yellow_sliding_locometal_door
[17Jul2026 23:16:19.435] [main/INFO] [Railways/MultiRegistryCallback/]: Running callback for create:sliding_door and railways:yellow_folding_locometal_door
[17Jul2026 23:16:19.435] [main/INFO] [Railways/MultiRegistryCallback/]: Running callback for create:sliding_door and railways:chartreuse_sliding_locometal_door
[17Jul2026 23:16:19.435] [main/INFO] [Railways/MultiRegistryCallback/]: Running callback for create:sliding_door and railways:chartreuse_folding_locometal_door
[17Jul2026 23:16:19.435] [main/INFO] [Railways/MultiRegistryCallback/]: Running callback for create:sliding_door and railways:olive_green_sliding_locometal_door
[17Jul2026 23:16:19.435] [main/INFO] [Railways/MultiRegistryCallback/]: Running callback for create:sliding_door and railways:olive_green_folding_locometal_door
[17Jul2026 23:16:19.435] [main/INFO] [Railways/MultiRegistryCallback/]: Running callback for create:sliding_door and railways:lime_sliding_locometal_door
[17Jul2026 23:16:19.435] [main/INFO] [Railways/MultiRegistryCallback/]: Running callback for create:sliding_door and railways:lime_folding_locometal_door
[17Jul2026 23:16:19.435] [main/INFO] [Railways/MultiRegistryCallback/]: Running callback for create:sliding_door and railways:green_sliding_locometal_door
[17Jul2026 23:16:19.435] [main/INFO] [Railways/MultiRegistryCallback/]: Running callback for create:sliding_door and railways:green_folding_locometal_door
[17Jul2026 23:16:19.435] [main/INFO] [Railways/MultiRegistryCallback/]: Running callback for create:sliding_door and railways:pine_green_sliding_locometal_door
[17Jul2026 23:16:19.435] [main/INFO] [Railways/MultiRegistryCallback/]: Running callback for create:sliding_door and railways:pine_green_folding_locometal_door
[17Jul2026 23:16:19.435] [main/INFO] [Railways/MultiRegistryCallback/]: Running callback for create:sliding_door and railways:cyan_sliding_locometal_door
[17Jul2026 23:16:19.435] [main/INFO] [Railways/MultiRegistryCallback/]: Running callback for create:sliding_door and railways:cyan_folding_locometal_door
[17Jul2026 23:16:19.435] [main/INFO] [Railways/MultiRegistryCallback/]: Running callback for create:sliding_door and railways:sea_green_sliding_locometal_door
[17Jul2026 23:16:19.435] [main/INFO] [Railways/MultiRegistryCallback/]: Running callback for create:sliding_door and railways:sea_green_folding_locometal_door
[17Jul2026 23:16:19.435] [main/INFO] [Railways/MultiRegistryCallback/]: Running callback for create:sliding_door and railways:turquoise_sliding_locometal_door
[17Jul2026 23:16:19.435] [main/INFO] [Railways/MultiRegistryCallback/]: Running callback for create:sliding_door and railways:turquoise_folding_locometal_door
[17Jul2026 23:16:19.436] [main/INFO] [Railways/MultiRegistryCallback/]: Running callback for create:sliding_door and railways:light_blue_sliding_locometal_door
[17Jul2026 23:16:19.436] [main/INFO] [Railways/MultiRegistryCallback/]: Running callback for create:sliding_door and railways:light_blue_folding_locometal_door
[17Jul2026 23:16:19.436] [main/INFO] [Railways/MultiRegistryCallback/]: Running callback for create:sliding_door and railways:blue_sliding_locometal_door
[17Jul2026 23:16:19.436] [main/INFO] [Railways/MultiRegistryCallback/]: Running callback for create:sliding_door and railways:blue_folding_locometal_door
[17Jul2026 23:16:19.436] [main/INFO] [Railways/MultiRegistryCallback/]: Running callback for create:sliding_door and railways:royal_blue_sliding_locometal_door
[17Jul2026 23:16:19.436] [main/INFO] [Railways/MultiRegistryCallback/]: Running callback for create:sliding_door and railways:royal_blue_folding_locometal_door
[17Jul2026 23:16:19.436] [main/INFO] [Railways/MultiRegistryCallback/]: Running callback for create:sliding_door and railways:purple_sliding_locometal_door
[17Jul2026 23:16:19.436] [main/INFO] [Railways/MultiRegistryCallback/]: Running callback for create:sliding_door and railways:purple_folding_locometal_door
[17Jul2026 23:16:19.436] [main/INFO] [Railways/MultiRegistryCallback/]: Running callback for create:sliding_door and railways:magenta_sliding_locometal_door
[17Jul2026 23:16:19.436] [main/INFO] [Railways/MultiRegistryCallback/]: Running callback for create:sliding_door and railways:magenta_folding_locometal_door
[17Jul2026 23:16:19.436] [main/INFO] [Railways/MultiRegistryCallback/]: Running callback for create:sliding_door and railways:pink_sliding_locometal_door
[17Jul2026 23:16:19.436] [main/INFO] [Railways/MultiRegistryCallback/]: Running callback for create:sliding_door and railways:pink_folding_locometal_door
[17Jul2026 23:16:19.436] [main/INFO] [Railways/MultiRegistryCallback/]: Running callback for create:sliding_door and railways:white_sliding_locometal_door
[17Jul2026 23:16:19.436] [main/INFO] [Railways/MultiRegistryCallback/]: Running callback for create:sliding_door and railways:white_folding_locometal_door
[17Jul2026 23:16:19.436] [main/INFO] [Railways/MultiRegistryCallback/]: Running callback for create:sliding_door and railways:diorite_sliding_locometal_door
[17Jul2026 23:16:19.436] [main/INFO] [Railways/MultiRegistryCallback/]: Running callback for create:sliding_door and railways:diorite_folding_locometal_door
[17Jul2026 23:16:19.436] [main/INFO] [Railways/MultiRegistryCallback/]: Running callback for create:sliding_door and railways:limestone_sliding_locometal_door
[17Jul2026 23:16:19.436] [main/INFO] [Railways/MultiRegistryCallback/]: Running callback for create:sliding_door and railways:limestone_folding_locometal_door
[17Jul2026 23:16:19.436] [main/INFO] [Railways/MultiRegistryCallback/]: Running callback for create:sliding_door and railways:light_gray_sliding_locometal_door
[17Jul2026 23:16:19.436] [main/INFO] [Railways/MultiRegistryCallback/]: Running callback for create:sliding_door and railways:light_gray_folding_locometal_door
[17Jul2026 23:16:19.442] [main/INFO] [Railways/MultiRegistryCallback/]: Running callback for create:sliding_door and railways:tuff_sliding_locometal_door
[17Jul2026 23:16:19.442] [main/INFO] [Railways/MultiRegistryCallback/]: Running callback for create:sliding_door and railways:tuff_folding_locometal_door
[17Jul2026 23:16:19.442] [main/INFO] [Railways/MultiRegistryCallback/]: Running callback for create:sliding_door and railways:gray_sliding_locometal_door
[17Jul2026 23:16:19.442] [main/INFO] [Railways/MultiRegistryCallback/]: Running callback for create:sliding_door and railways:gray_folding_locometal_door
[17Jul2026 23:16:19.442] [main/INFO] [Railways/MultiRegistryCallback/]: Running callback for create:sliding_door and railways:scorchia_sliding_locometal_door
[17Jul2026 23:16:19.442] [main/INFO] [Railways/MultiRegistryCallback/]: Running callback for create:sliding_door and railways:scorchia_folding_locometal_door
[17Jul2026 23:16:19.442] [main/INFO] [Railways/MultiRegistryCallback/]: Running callback for create:sliding_door and railways:black_sliding_locometal_door
[17Jul2026 23:16:19.442] [main/INFO] [Railways/MultiRegistryCallback/]: Running callback for create:sliding_door and railways:black_folding_locometal_door
[17Jul2026 23:16:19.442] [main/INFO] [Railways/MultiRegistryCallback/]: Running callback for create:copycat and railways:conductor_vent
[17Jul2026 23:16:20.348] [main/INFO] [Railways/MultiRegistryCallback/]: Running callback for create:track_signal and railways:track_signal_source
[17Jul2026 23:16:20.348] [main/INFO] [Railways/MultiRegistryCallback/]: Running finalizers
[17Jul2026 23:16:21.372] [main/INFO] [Puzzles Lib/]: Loading common config for mutantmonsters
[17Jul2026 23:16:21.706] [modloading-worker-0/INFO] [terrablender/]: Registered region minecraft:overworld to index 0 for type OVERWORLD
[17Jul2026 23:16:21.706] [modloading-worker-0/INFO] [terrablender/]: Registered region minecraft:nether to index 0 for type NETHER
[17Jul2026 23:16:21.707] [modloading-worker-0/INFO] [terrablender/]: Registered region vanillabackport:overworld to index 1 for type OVERWORLD
[17Jul2026 23:16:21.752] [modloading-worker-0/INFO] [me.steinborn.krypton.mod.shared.Krypton/]: Compression will use libdeflate (Linux x86_64), encryption will use OpenSSL 3.0.x (Linux x86_64)
[17Jul2026 23:16:21.816] [modloading-worker-0/INFO] [mekanism.common.Mekanism/]: Version 10.4.16 initializing...
[17Jul2026 23:16:21.833] [Forge Version Check/INFO] [net.minecraftforge.fml.VersionChecker/]: [searchables] Starting version check at https://updates.blamejared.com/get?n=searchables&gv=1.20.1
[17Jul2026 23:16:21.834] [modloading-worker-0/INFO] [voicechat/]: [voicechat] Compatibility version 20
[17Jul2026 23:16:21.918] [modloading-worker-0/INFO] [voicechat/]: [voicechat] Loading plugins
[17Jul2026 23:16:21.924] [modloading-worker-0/INFO] [com.chunksending.ChunkSending/]: chunksending mod initialized
[17Jul2026 23:16:21.926] [modloading-worker-0/INFO] [com.recipeessentials.RecipeEssentials/]: recipeessentials mod initialized
[17Jul2026 23:16:21.930] [modloading-worker-0/INFO] [voicechat/]: [voicechat] Loaded 0 plugin(s)
[17Jul2026 23:16:21.930] [modloading-worker-0/INFO] [voicechat/]: [voicechat] Initializing plugins
[17Jul2026 23:16:21.930] [modloading-worker-0/INFO] [voicechat/]: [voicechat] Initialized 0 plugin(s)
[17Jul2026 23:16:21.936] [modloading-worker-0/INFO] [incontrol/]: Enabling support for Lost Cities
[17Jul2026 23:16:21.936] [modloading-worker-0/INFO] [incontrol/]: Enabling support for Lost Cities
[17Jul2026 23:16:21.936] [modloading-worker-0/INFO] [incontrol/]: Enabling support for Serene Seasons
[17Jul2026 23:16:21.948] [modloading-worker-0/INFO] [com.connectivity.Connectivity/]: Connectivity initialized
[17Jul2026 23:16:21.950] [modloading-worker-0/INFO] [mekanism.common.Mekanism/]: Fake player readout: UUID = 46e82cd0-d480-3d48-800a-77431ede078e, name = [Mekanism]
[17Jul2026 23:16:21.950] [modloading-worker-0/INFO] [mekanism.common.Mekanism/]: Mod loaded.
[17Jul2026 23:16:21.951] [modloading-worker-0/INFO] [com.gpumemleakfix.Gpumemleakfix/]: gpumemleakfix mod initialized
[17Jul2026 23:16:21.951] [modloading-worker-0/INFO] [com.structureessentials.StructureEssentials/]: structureessentials mod initialized
[17Jul2026 23:16:21.966] [modloading-worker-0/INFO] [com.lootintegrations.LootintegrationsMod/]: lootintegrations mod initialized
[17Jul2026 23:16:22.006] [modloading-worker-0/INFO] [mekanism.common.Mekanism/]: Loaded 'Mekanism: Generators' module.
[17Jul2026 23:16:22.016] [modloading-worker-0/INFO] [mekanism.common.Mekanism/]: Loaded 'Mekanism: Additions' module.
[17Jul2026 23:16:22.043] [modloading-worker-0/INFO] [mekanism.common.Mekanism/]: Loaded 'Mekanism: Tools' module.
[17Jul2026 23:16:22.071] [modloading-worker-0/INFO] [com.limitedchunks.LimitedChunks/]: Limited chunkloading initialized
[17Jul2026 23:16:22.100] [modloading-worker-0/INFO] [Dungeon Crawl/]: Common Setup
[17Jul2026 23:16:22.113] [modloading-worker-0/INFO] [tv.mapper.embellishcraft.EmbellishCraft/]: EmbellishCraft: setup started.
[17Jul2026 23:16:22.107] [modloading-worker-0/INFO] [tv.mapper.mapperbase.MapperBase/]: Mapper Base setup started! Thank you for using my mods!
[17Jul2026 23:16:22.122] [modloading-worker-0/INFO] [STDOUT/]: [toni.lib.TxniLib:onInitialize:75]: TxniLib onInitialize!
[17Jul2026 23:16:22.161] [modloading-worker-0/INFO] [CorgiLib/]: Initializing network...
[17Jul2026 23:16:22.162] [modloading-worker-0/INFO] [com.jaquadro.minecraft.storagedrawers.ModServices/]: New compacting rule 4 clay_ball = 1 clay
[17Jul2026 23:16:22.163] [modloading-worker-0/INFO] [com.jaquadro.minecraft.storagedrawers.ModServices/]: New compacting rule 4 snowball = 1 snow_block
[17Jul2026 23:16:22.163] [modloading-worker-0/INFO] [com.jaquadro.minecraft.storagedrawers.ModServices/]: New compacting rule 4 glowstone_dust = 1 glowstone
[17Jul2026 23:16:22.164] [modloading-worker-0/INFO] [com.jaquadro.minecraft.storagedrawers.ModServices/]: New compacting rule 4 brick = 1 bricks
[17Jul2026 23:16:22.164] [modloading-worker-0/INFO] [com.jaquadro.minecraft.storagedrawers.ModServices/]: New compacting rule 4 nether_brick = 1 nether_bricks
[17Jul2026 23:16:22.164] [modloading-worker-0/INFO] [com.jaquadro.minecraft.storagedrawers.ModServices/]: New compacting rule 9 nether_wart = 1 nether_wart_block
[17Jul2026 23:16:22.164] [modloading-worker-0/INFO] [com.jaquadro.minecraft.storagedrawers.ModServices/]: New compacting rule 4 quartz = 1 quartz_block
[17Jul2026 23:16:22.165] [modloading-worker-0/INFO] [CorgiLib/]: Initialized network!
[17Jul2026 23:16:22.165] [modloading-worker-0/INFO] [com.jaquadro.minecraft.storagedrawers.ModServices/]: New compacting rule 9 melon_slice = 1 melon
[17Jul2026 23:16:22.165] [modloading-worker-0/INFO] [com.jaquadro.minecraft.storagedrawers.ModServices/]: New compacting rule 9 bamboo = 1 bamboo_block
[17Jul2026 23:16:22.165] [modloading-worker-0/INFO] [com.jaquadro.minecraft.storagedrawers.ModServices/]: New compacting rule 4 clay_ball = 1 clay
[17Jul2026 23:16:22.167] [modloading-worker-0/INFO] [com.jaquadro.minecraft.storagedrawers.ModServices/]: New denied storage item creative_vending_upgrade
[17Jul2026 23:16:22.168] [modloading-worker-0/INFO] [com.jaquadro.minecraft.storagedrawers.ModServices/]: Adding ore conversions for types: forge:storage_blocks, forge:ingots, forge:nuggets
[17Jul2026 23:16:22.170] [modloading-worker-0/INFO] [com.jaquadro.minecraft.storagedrawers.ModServices/]: Adding ore conversions for materials: aluminum, constantan, steel, uranium, invar, tin, lead, silver, platinum, nickel, osmium, bronze, electrum
[17Jul2026 23:16:22.214] [Forge Version Check/INFO] [net.minecraftforge.fml.VersionChecker/]: [searchables] Found status: BETA Current: 1.0.3 Target: 1.0.3
[17Jul2026 23:16:22.217] [Forge Version Check/INFO] [net.minecraftforge.fml.VersionChecker/]: [tombstone] Starting version check at https://raw.githubusercontent.com/Corail31/tombstone_lite/master/update.json
[17Jul2026 23:16:22.253] [Forge Version Check/INFO] [net.minecraftforge.fml.VersionChecker/]: [tombstone] Found status: OUTDATED Current: 9.1.0 Target: 9.1.3
[17Jul2026 23:16:22.256] [Forge Version Check/INFO] [net.minecraftforge.fml.VersionChecker/]: [atlaslib] Starting version check at https://raw.githubusercontent.com/SmileycorpMC/Atlas-Lib/1.20/update.json
[17Jul2026 23:16:22.268] [Forge Version Check/INFO] [net.minecraftforge.fml.VersionChecker/]: [atlaslib] Found status: UP_TO_DATE Current: 1.1.12 Target: null
[17Jul2026 23:16:22.268] [Forge Version Check/INFO] [net.minecraftforge.fml.VersionChecker/]: [dynamictrees] Starting version check at https://github.com/DynamicTreesTeam/DynamicTreesVersionInfo/blob/master/DynamicTrees.json?raw=true
[17Jul2026 23:16:22.359] [main/INFO] [terrablender/]: Registered region biomesoplenty:overworld_primary to index 2 for type OVERWORLD
[17Jul2026 23:16:22.359] [main/INFO] [terrablender/]: Registered region biomesoplenty:overworld_secondary to index 3 for type OVERWORLD
[17Jul2026 23:16:22.359] [main/INFO] [terrablender/]: Registered region biomesoplenty:overworld_rare to index 4 for type OVERWORLD
[17Jul2026 23:16:22.359] [main/INFO] [terrablender/]: Registered region biomesoplenty:nether_common to index 1 for type NETHER
[17Jul2026 23:16:22.360] [main/INFO] [terrablender/]: Registered region biomesoplenty:nether_rare to index 2 for type NETHER
[17Jul2026 23:16:22.377] [main/WARN] [AllTheLeaks/]: Failed to get VarHandle for class class com.github.alexthe666.citadel.server.world.CitadelServerData with field dataMap and type interface java.util.Map
[17Jul2026 23:16:22.377] [main/ERROR] [AllTheLeaks/]: Failed to instantiate constructor.
java.lang.ExceptionInInitializerError: null
	at java.lang.Class.forName0(Native Method) ~[?:?]
	at java.lang.Class.forName(Class.java:377) ~[?:?]
	at dev.uncandango.alltheleaks.leaks.IssueManager.lambda$initiateIssues$3(IssueManager.java:166) ~[alltheleaks-1.1.1+1.20.1-forge.jar%23321!/:1.1.1+1.20.1-forge]
	at java.util.ArrayList.forEach(ArrayList.java:1511) ~[?:?]
	at dev.uncandango.alltheleaks.leaks.IssueManager.initiateIssues(IssueManager.java:164) ~[alltheleaks-1.1.1+1.20.1-forge.jar%23321!/:1.1.1+1.20.1-forge]
	at java.util.concurrent.CompletableFuture$AsyncRun.run(CompletableFuture.java:1804) ~[?:?]
	at net.minecraftforge.fml.DeferredWorkQueue.lambda$makeRunnable$2(DeferredWorkQueue.java:81) ~[fmlcore-1.20.1-47.3.7.jar%23540!/:?]
	at net.minecraftforge.fml.DeferredWorkQueue.makeRunnable(DeferredWorkQueue.java:76) ~[fmlcore-1.20.1-47.3.7.jar%23540!/:?]
	at net.minecraftforge.fml.DeferredWorkQueue.lambda$runTasks$0(DeferredWorkQueue.java:60) ~[fmlcore-1.20.1-47.3.7.jar%23540!/:?]
	at java.util.concurrent.ConcurrentLinkedDeque.forEach(ConcurrentLinkedDeque.java:1650) ~[?:?]
	at net.minecraftforge.fml.DeferredWorkQueue.runTasks(DeferredWorkQueue.java:60) ~[fmlcore-1.20.1-47.3.7.jar%23540!/:?]
	at net.minecraftforge.fml.core.ParallelTransition.lambda$finalActivityGenerator$2(ParallelTransition.java:35) ~[forge-1.20.1-47.3.7-universal.jar%23544!/:?]
	at java.util.concurrent.CompletableFuture$UniApply.tryFire(CompletableFuture.java:646) ~[?:?]
	at java.util.concurrent.CompletableFuture$Completion.run(CompletableFuture.java:482) ~[?:?]
	at net.minecraftforge.fml.ModWorkManager$SyncExecutor.driveOne(ModWorkManager.java:43) ~[fmlcore-1.20.1-47.3.7.jar%23540!/:?]
	at net.minecraftforge.fml.ModWorkManager$DrivenExecutor.drive(ModWorkManager.java:28) ~[fmlcore-1.20.1-47.3.7.jar%23540!/:?]
	at net.minecraftforge.fml.ModLoader.waitForTransition(ModLoader.java:224) ~[fmlcore-1.20.1-47.3.7.jar%23540!/:?]
	at net.minecraftforge.fml.ModLoader.lambda$dispatchAndHandleError$20(ModLoader.java:210) ~[fmlcore-1.20.1-47.3.7.jar%23540!/:?]
	at java.util.Optional.ifPresent(Optional.java:178) ~[?:?]
	at net.minecraftforge.fml.ModLoader.dispatchAndHandleError(ModLoader.java:210) ~[fmlcore-1.20.1-47.3.7.jar%23540!/:?]
	at net.minecraftforge.fml.ModLoader.lambda$loadMods$15(ModLoader.java:190) ~[fmlcore-1.20.1-47.3.7.jar%23540!/:?]
	at java.lang.Iterable.forEach(Iterable.java:75) ~[?:?]
	at net.minecraftforge.fml.ModLoader.loadMods(ModLoader.java:190) ~[fmlcore-1.20.1-47.3.7.jar%23540!/:?]
	at net.minecraftforge.server.loading.ServerModLoader.load(ServerModLoader.java:31) ~[forge-1.20.1-47.3.7-universal.jar%23544!/:?]
	at net.minecraft.server.Main.main(Main.java:125) ~[server-1.20.1-20230612.114412-srg.jar%23539!/:?]
	at jdk.internal.reflect.NativeMethodAccessorImpl.invoke0(Native Method) ~[?:?]
	at jdk.internal.reflect.NativeMethodAccessorImpl.invoke(NativeMethodAccessorImpl.java:77) ~[?:?]
	at jdk.internal.reflect.DelegatingMethodAccessorImpl.invoke(DelegatingMethodAccessorImpl.java:43) ~[?:?]
	at java.lang.reflect.Method.invoke(Method.java:569) ~[?:?]
	at net.minecraftforge.fml.loading.targets.CommonLaunchHandler.runTarget(CommonLaunchHandler.java:111) ~[fmlloader-1.20.1-47.3.7.jar%2367!/:?]
	at net.minecraftforge.fml.loading.targets.CommonLaunchHandler.serverService(CommonLaunchHandler.java:103) ~[fmlloader-1.20.1-47.3.7.jar%2367!/:?]
	at net.minecraftforge.fml.loading.targets.CommonServerLaunchHandler.lambda$makeService$0(CommonServerLaunchHandler.java:27) ~[fmlloader-1.20.1-47.3.7.jar%2367!/:?]
	at cpw.mods.modlauncher.LaunchServiceHandlerDecorator.launch(LaunchServiceHandlerDecorator.java:30) ~[modlauncher-10.0.9.jar%2353!/:?]
	at cpw.mods.modlauncher.LaunchServiceHandler.launch(LaunchServiceHandler.java:53) ~[modlauncher-10.0.9.jar%2353!/:?]
	at cpw.mods.modlauncher.LaunchServiceHandler.launch(LaunchServiceHandler.java:71) ~[modlauncher-10.0.9.jar%2353!/:?]
	at cpw.mods.modlauncher.Launcher.run(Launcher.java:108) ~[modlauncher-10.0.9.jar%2353!/:?]
	at cpw.mods.modlauncher.Launcher.main(Launcher.java:78) ~[modlauncher-10.0.9.jar%2353!/:?]
	at cpw.mods.modlauncher.BootstrapLaunchConsumer.accept(BootstrapLaunchConsumer.java:26) ~[modlauncher-10.0.9.jar%2353!/:?]
	at cpw.mods.modlauncher.BootstrapLaunchConsumer.accept(BootstrapLaunchConsumer.java:23) ~[modlauncher-10.0.9.jar%2353!/:?]
	at cpw.mods.bootstraplauncher.BootstrapLauncher.main(BootstrapLauncher.java:141) ~[bootstraplauncher-1.1.2.jar:?]
Caused by: java.lang.RuntimeException: VarHandler is null
	at dev.uncandango.alltheleaks.utils.ReflectionHelper.getFieldFromClass(ReflectionHelper.java:132) ~[alltheleaks-1.1.1+1.20.1-forge.jar%23321!/:1.1.1+1.20.1-forge]
	at dev.uncandango.alltheleaks.leaks.common.mods.citadel.UntrackedIssue001.<clinit>(UntrackedIssue001.java:17) ~[alltheleaks-1.1.1+1.20.1-forge.jar%23321!/:1.1.1+1.20.1-forge]
	... 40 more
[17Jul2026 23:16:22.398] [main/INFO] [zeta/]: Common setup: Performing initial refresh of zeta's config on thread 'main'
[17Jul2026 23:16:22.399] [main/INFO] [zeta/]: 'zeta' is enabling Zeta's piston structure resolver.
[17Jul2026 23:16:22.400] [main/INFO] [zeta/]: Waiting for server start before accepting filewatcher changes to zeta's config
[17Jul2026 23:16:22.481] [Forge Version Check/INFO] [net.minecraftforge.fml.VersionChecker/]: [dynamictrees] Found status: BETA Current: 1.20.1-1.4.11 Target: null
[17Jul2026 23:16:22.482] [Forge Version Check/INFO] [net.minecraftforge.fml.VersionChecker/]: [radium] Starting version check at https://api.modrinth.com/updates/radium/forge_updates.json
[17Jul2026 23:16:22.559] [main/INFO] [tacz/SYNCED_ENTITY_DATA_TAC_COPY]: Registered synced data key tacz:shoot_cool_down for minecraft:living_entity
[17Jul2026 23:16:22.560] [main/INFO] [tacz/SYNCED_ENTITY_DATA_TAC_COPY]: Registered synced data key tacz:melee_cool_down for minecraft:living_entity
[17Jul2026 23:16:22.560] [main/INFO] [tacz/SYNCED_ENTITY_DATA_TAC_COPY]: Registered synced data key tacz:reload_state for minecraft:living_entity
[17Jul2026 23:16:22.560] [main/INFO] [tacz/SYNCED_ENTITY_DATA_TAC_COPY]: Registered synced data key tacz:aiming_progress for minecraft:living_entity
[17Jul2026 23:16:22.560] [main/INFO] [tacz/SYNCED_ENTITY_DATA_TAC_COPY]: Registered synced data key tacz:draw_cool_down for minecraft:living_entity
[17Jul2026 23:16:22.560] [main/INFO] [tacz/SYNCED_ENTITY_DATA_TAC_COPY]: Registered synced data key tacz:is_aiming for minecraft:living_entity
[17Jul2026 23:16:22.560] [main/INFO] [tacz/SYNCED_ENTITY_DATA_TAC_COPY]: Registered synced data key tacz:sprint_time for minecraft:living_entity
[17Jul2026 23:16:22.560] [main/INFO] [tacz/SYNCED_ENTITY_DATA_TAC_COPY]: Registered synced data key tacz:is_bolting for minecraft:living_entity
[17Jul2026 23:16:22.560] [main/INFO] [tacz/SYNCED_ENTITY_DATA_TAC_COPY]: Registered synced data key tacz:throwable_using for minecraft:living_entity
[17Jul2026 23:16:22.604] [Forge Version Check/INFO] [net.minecraftforge.fml.VersionChecker/]: [radium] Found status: AHEAD Current: 0.12.4+git.26c9d8e Target: null
[17Jul2026 23:16:22.604] [Forge Version Check/INFO] [net.minecraftforge.fml.VersionChecker/]: [betteranimationscollection] Starting version check at https://raw.githubusercontent.com/Fuzss/modresources/main/update/betteranimationscollection.json
[17Jul2026 23:16:22.622] [Forge Version Check/INFO] [net.minecraftforge.fml.VersionChecker/]: [betteranimationscollection] Found status: UP_TO_DATE Current: 8.0.1 Target: null
[17Jul2026 23:16:22.622] [Forge Version Check/INFO] [net.minecraftforge.fml.VersionChecker/]: [mutantmonsters] Starting version check at https://raw.githubusercontent.com/Fuzss/modresources/main/update/mutantmonsters.json
[17Jul2026 23:16:22.637] [Forge Version Check/INFO] [net.minecraftforge.fml.VersionChecker/]: [mutantmonsters] Found status: UP_TO_DATE Current: 8.0.8 Target: null
[17Jul2026 23:16:22.638] [Forge Version Check/INFO] [net.minecraftforge.fml.VersionChecker/]: [harvest_with_ease] Starting version check at https://api.modrinth.com/updates/harvest-with-ease/forge_updates.json
[17Jul2026 23:16:22.697] [main/INFO] [Moonlight/]: Initialized color sets in 85ms
[17Jul2026 23:16:22.698] [main/ERROR] [Moonlight/]: Fabric API detected! This is not a Fabric mod, so please dont report related issues to MoonlightLib or its dependant. This can usually happen with connector or when having a mod that does NOT have a proper Forge native implementation. This can easily lead to poor compatibility and issues. Proceed ar your own risk. 
 Mods that bundled Fabric API: [net.minecraftforge.fml.loading.moddiscovery.ModInfo@25f723b0]
[17Jul2026 23:16:22.699] [main/INFO] [terrablender/]: Registered region quark:biome_provider to index 5 for type OVERWORLD
[17Jul2026 23:16:22.700] [main/INFO] [quark-zeta/]: Common setup: Performing initial refresh of quark's config on thread 'main'
[17Jul2026 23:16:22.700] [Forge Version Check/INFO] [net.minecraftforge.fml.VersionChecker/]: [harvest_with_ease] Found status: UP_TO_DATE Current: 9.4.0 Target: null
[17Jul2026 23:16:22.700] [Forge Version Check/INFO] [net.minecraftforge.fml.VersionChecker/]: [attributefix] Starting version check at https://updates.blamejared.com/get?n=attributefix&gv=1.20.1
[17Jul2026 23:16:22.719] [main/INFO] [quark-zeta/]: Waiting for server start before accepting filewatcher changes to quark's config
[17Jul2026 23:16:22.798] [Forge Version Check/INFO] [net.minecraftforge.fml.VersionChecker/]: [attributefix] Found status: BETA Current: 21.0.5 Target: 21.0.5
[17Jul2026 23:16:22.798] [Forge Version Check/INFO] [net.minecraftforge.fml.VersionChecker/]: [mcwholidays] Starting version check at https://raw.githubusercontent.com/sketchmacaw/macawsmods/master/holidays.json
[17Jul2026 23:16:22.808] [Forge Version Check/INFO] [net.minecraftforge.fml.VersionChecker/]: [mcwholidays] Found status: UP_TO_DATE Current: 1.1.2 Target: null
[17Jul2026 23:16:22.809] [Forge Version Check/INFO] [net.minecraftforge.fml.VersionChecker/]: [puzzlesaccessapi] Starting version check at https://raw.githubusercontent.com/Fuzss/modresources/main/update/puzzlesaccessapi.json
[17Jul2026 23:16:22.818] [Forge Version Check/INFO] [net.minecraftforge.fml.VersionChecker/]: [puzzlesaccessapi] Found status: BETA Current: 20.1.1 Target: null
[17Jul2026 23:16:22.818] [Forge Version Check/INFO] [net.minecraftforge.fml.VersionChecker/]: [forge] Starting version check at https://files.minecraftforge.net/net/minecraftforge/forge/promotions_slim.json
[17Jul2026 23:16:22.846] [modloading-worker-0/INFO] [xaero.minimap.XaeroMinimap/]: Loading Xaero's Minimap - Stage 1/2 (Server)
[17Jul2026 23:16:22.847] [modloading-worker-0/INFO] [xaero.map.server.WorldMapServer/]: Loading Xaero's World Map - Stage 1/2 (Server)
[17Jul2026 23:16:22.872] [main/INFO] [xaero.map.server.WorldMapServer/]: Loading Xaero's World Map - Stage 2/2 (Server)
[17Jul2026 23:16:22.872] [main/INFO] [xaero.minimap.XaeroMinimap/]: Loading Xaero's Minimap - Stage 2/2 (Server)
[17Jul2026 23:16:22.901] [Forge Version Check/INFO] [net.minecraftforge.fml.VersionChecker/]: [forge] Found status: OUTDATED Current: 47.3.7 Target: 47.4.10
[17Jul2026 23:16:22.902] [Forge Version Check/INFO] [net.minecraftforge.fml.VersionChecker/]: [voicechat] Starting version check at https://update.maxhenkel.de/forge/voicechat
[17Jul2026 23:16:23.164] [modloading-worker-0/INFO] [AttributeFix/]: Loaded values for 31 compatible attributes.
[17Jul2026 23:16:23.169] [modloading-worker-0/WARN] [AttributeFix/]: Attribute ID 'hordes:infection_resistance' does not belong to a known attribute. This entry will be ignored.
[17Jul2026 23:16:23.170] [modloading-worker-0/WARN] [AttributeFix/]: Attribute ID 'hordes:infectivity' does not belong to a known attribute. This entry will be ignored.
[17Jul2026 23:16:23.170] [modloading-worker-0/INFO] [AttributeFix/]: Loaded 33 values from config.
[17Jul2026 23:16:23.175] [modloading-worker-0/INFO] [AttributeFix/]: Saving config file. 33 entries.
[17Jul2026 23:16:23.176] [modloading-worker-0/INFO] [AttributeFix/]: Applying changes for 33 attributes.
[17Jul2026 23:16:23.182] [modloading-worker-0/INFO] [STDOUT/]: [com.mrh0.createaddition.CreateAddition:postInit:136]: Create Crafts & Additions Initialized!
[17Jul2026 23:16:23.228] [modloading-worker-0/INFO] [Jade/]: Start loading plugin at net.blay09.mods.balm.forge.compat.hudinfo.ForgeJadeModCompat
[17Jul2026 23:16:23.238] [modloading-worker-0/INFO] [Jade/]: Start loading plugin at ovh.corail.tombstone.compatibility.IntegrationJade
[17Jul2026 23:16:23.239] [modloading-worker-0/INFO] [Jade/]: Start loading plugin at bl4ckscor3.mod.globalxp.compat.WailaDataProvider
[17Jul2026 23:16:23.240] [modloading-worker-0/INFO] [Jade/]: Start loading plugin at snownee.jade.addon.JadeAddonsBase
[17Jul2026 23:16:23.249] [modloading-worker-0/INFO] [Jade/]: Start loading plugin at com.ferreusveritas.dynamictrees.compat.waila.WailaCompat
[17Jul2026 23:16:23.249] [modloading-worker-0/INFO] [Jade/]: Start loading plugin at mekanism.common.integration.lookingat.jade.MekanismJadePlugin
[17Jul2026 23:16:23.251] [modloading-worker-0/INFO] [Jade/]: Start loading plugin at net.geforcemods.securitycraft.compat.hudmods.JadeDataProvider
[17Jul2026 23:16:23.253] [modloading-worker-0/INFO] [Jade/]: Start loading plugin at twilightforest.compat.jade.JadeCompat
[17Jul2026 23:16:23.253] [modloading-worker-0/INFO] [Jade/]: Start loading plugin at net.blay09.mods.waystones.compat.JadeIntegration
[17Jul2026 23:16:23.253] [modloading-worker-0/INFO] [Jade/]: Start loading plugin at snownee.jade.addon.vanilla.VanillaPlugin
[17Jul2026 23:16:23.262] [modloading-worker-0/INFO] [Jade/]: Start loading plugin at snownee.jade.addon.universal.UniversalPlugin
[17Jul2026 23:16:23.266] [modloading-worker-0/INFO] [Jade/]: Start loading plugin at snownee.jade.addon.core.CorePlugin
[17Jul2026 23:16:23.267] [modloading-worker-0/INFO] [Jade/]: Start loading plugin at de.maxhenkel.car.integration.waila.PluginCar
[17Jul2026 23:16:23.268] [modloading-worker-0/INFO] [Jade/]: Start loading plugin at de.maxhenkel.easyvillagers.integration.waila.PluginEasyVillagers
[17Jul2026 23:16:23.269] [modloading-worker-0/INFO] [Jade/]: Start loading plugin at com.jaquadro.minecraft.storagedrawers.integration.Waila
[17Jul2026 23:16:23.304] [main/INFO] [citadel/]: adding citadel surface rules via terrablender...
[17Jul2026 23:16:23.305] [main/INFO] [citadel/]: Added 0 vanilla biome surface rule types via terrablender
[17Jul2026 23:16:23.305] [main/INFO] [citadel/]: Added 0 modded biome surface rule types via terrablender
[17Jul2026 23:16:23.420] [Forge Version Check/INFO] [net.minecraftforge.fml.VersionChecker/]: [voicechat] Found status: AHEAD Current: 1.20.1-2.6.20 Target: null
[17Jul2026 23:16:23.420] [Forge Version Check/INFO] [net.minecraftforge.fml.VersionChecker/]: [trade_cycling] Starting version check at https://maxhenkel.de/update/trade_cycling.json
[17Jul2026 23:16:24.024] [Forge Version Check/INFO] [net.minecraftforge.fml.VersionChecker/]: [trade_cycling] Found status: UP_TO_DATE Current: 1.20.1-1.0.7 Target: null
[17Jul2026 23:16:24.024] [Forge Version Check/INFO] [net.minecraftforge.fml.VersionChecker/]: [dtbop] Starting version check at https://github.com/DynamicTreesTeam/DynamicTreesVersionInfo/blob/master/Add-ons/BOP.json?raw=true
[17Jul2026 23:16:24.051] [Forge Version Check/INFO] [net.minecraftforge.fml.VersionChecker/]: [dtbop] Found status: BETA Current: 1.20.1-3.3.4 Target: null
[17Jul2026 23:16:24.051] [Forge Version Check/INFO] [net.minecraftforge.fml.VersionChecker/]: [securitycraft] Starting version check at https://www.github.com/Geforce132/SecurityCraft/raw/master/Updates/Forge.json
[17Jul2026 23:16:24.100] [Forge Version Check/INFO] [net.minecraftforge.fml.VersionChecker/]: [securitycraft] Found status: UP_TO_DATE Current: 1.10.1 Target: null
[17Jul2026 23:16:24.100] [Forge Version Check/INFO] [net.minecraftforge.fml.VersionChecker/]: [puzzleslib] Starting version check at https://raw.githubusercontent.com/Fuzss/modresources/main/update/puzzleslib.json
[17Jul2026 23:16:24.108] [Forge Version Check/INFO] [net.minecraftforge.fml.VersionChecker/]: [puzzleslib] Found status: UP_TO_DATE Current: 8.1.33 Target: null
[17Jul2026 23:16:24.108] [Forge Version Check/INFO] [net.minecraftforge.fml.VersionChecker/]: [crittersandcompanions] Starting version check at https://api.modrinth.com/updates/critters-and-companions/forge_updates.json
[17Jul2026 23:16:24.138] [Forge Version Check/INFO] [net.minecraftforge.fml.VersionChecker/]: [crittersandcompanions] Found status: UP_TO_DATE Current: 1.20.1-2.3.5 Target: null
[17Jul2026 23:16:24.138] [Forge Version Check/INFO] [net.minecraftforge.fml.VersionChecker/]: [controlling] Starting version check at https://updates.blamejared.com/get?n=controlling&gv=1.20.1
[17Jul2026 23:16:24.236] [Forge Version Check/INFO] [net.minecraftforge.fml.VersionChecker/]: [controlling] Found status: BETA Current: 12.0.2 Target: 12.0.2
[17Jul2026 23:16:24.236] [Forge Version Check/INFO] [net.minecraftforge.fml.VersionChecker/]: [cobweb] Starting version check at https://api.modrinth.com/updates/cobweb/forge_updates.json
[17Jul2026 23:16:24.341] [Forge Version Check/INFO] [net.minecraftforge.fml.VersionChecker/]: [cobweb] Found status: UP_TO_DATE Current: 1.0.1 Target: null
[17Jul2026 23:16:24.341] [Forge Version Check/INFO] [net.minecraftforge.fml.VersionChecker/]: [bookshelf] Starting version check at https://updates.blamejared.com/get?n=bookshelf&gv=1.20.1
[17Jul2026 23:16:24.391] [main/INFO] [com.mojang.authlib.yggdrasil.YggdrasilAuthenticationService/]: Environment: authHost='https://authserver.mojang.com', accountsHost='https://api.mojang.com', sessionHost='https://sessionserver.mojang.com', servicesHost='https://api.minecraftservices.com', name='PROD'
[17Jul2026 23:16:24.442] [Forge Version Check/INFO] [net.minecraftforge.fml.VersionChecker/]: [bookshelf] Found status: BETA Current: 20.2.15 Target: 20.2.15
[17Jul2026 23:16:24.442] [Forge Version Check/INFO] [net.minecraftforge.fml.VersionChecker/]: [twilightforest] Starting version check at https://gh.tamaized.com/TeamTwilight/twilightforest/update.json
[17Jul2026 23:16:24.571] [Forge Version Check/INFO] [net.minecraftforge.fml.VersionChecker/]: [twilightforest] Found status: AHEAD Current: 4.3.2508 Target: null
[17Jul2026 23:16:24.571] [Forge Version Check/INFO] [net.minecraftforge.fml.VersionChecker/]: [equipmentcompare] Starting version check at https://mc-update-check.anthonyhilyard.com/502561
[17Jul2026 23:16:24.889] [Forge Version Check/INFO] [net.minecraftforge.fml.VersionChecker/]: [equipmentcompare] Found status: UP_TO_DATE Current: 1.3.7 Target: null
[17Jul2026 23:16:24.891] [Forge Version Check/INFO] [net.minecraftforge.fml.VersionChecker/]: [mcwfences] Starting version check at https://raw.githubusercontent.com/sketchmacaw/macawsmods/master/fences.json
[17Jul2026 23:16:24.900] [Forge Version Check/INFO] [net.minecraftforge.fml.VersionChecker/]: [mcwfences] Found status: UP_TO_DATE Current: 1.2.1 Target: null
[17Jul2026 23:16:24.901] [Forge Version Check/INFO] [net.minecraftforge.fml.VersionChecker/]: [smallships] Starting version check at https://raw.githubusercontent.com/talhanation/smallships/main/update.json
[17Jul2026 23:16:24.917] [Forge Version Check/INFO] [net.minecraftforge.fml.VersionChecker/]: [smallships] Found status: UP_TO_DATE Current: 2.0.0-b1.4 Target: null
[17Jul2026 23:16:24.918] [Forge Version Check/INFO] [net.minecraftforge.fml.VersionChecker/]: [clumps] Starting version check at https://updates.blamejared.com/get?n=clumps&gv=1.20.1
[17Jul2026 23:16:25.015] [Forge Version Check/INFO] [net.minecraftforge.fml.VersionChecker/]: [clumps] Found status: BETA Current: 12.0.0.4 Target: 12.0.0.4
[17Jul2026 23:16:25.016] [Forge Version Check/INFO] [net.minecraftforge.fml.VersionChecker/]: [enchdesc] Starting version check at https://updates.blamejared.com/get?n=enchdesc&gv=1.20.1
[17Jul2026 23:16:25.115] [Forge Version Check/INFO] [net.minecraftforge.fml.VersionChecker/]: [enchdesc] Found status: BETA Current: 17.1.21 Target: 17.1.21
[17Jul2026 23:16:25.118] [Forge Version Check/INFO] [net.minecraftforge.fml.VersionChecker/]: [car] Starting version check at https://update.maxhenkel.de/forge/car
[17Jul2026 23:16:25.220] [Forge Version Check/INFO] [net.minecraftforge.fml.VersionChecker/]: [car] Found status: OUTDATED Current: 1.20.1-1.0.42 Target: 1.20.1-1.0.45
[17Jul2026 23:16:25.220] [Forge Version Check/INFO] [net.minecraftforge.fml.VersionChecker/]: [easy_villagers] Starting version check at https://update.maxhenkel.de/forge/easy_villagers
[17Jul2026 23:16:25.320] [Forge Version Check/INFO] [net.minecraftforge.fml.VersionChecker/]: [easy_villagers] Found status: OUTDATED Current: 1.20.1-1.1.23 Target: 1.20.1-1.1.39
[17Jul2026 23:16:25.320] [Forge Version Check/INFO] [net.minecraftforge.fml.VersionChecker/]: [iceberg] Starting version check at https://mc-update-check.anthonyhilyard.com/520110
[17Jul2026 23:16:25.344] [Forge Version Check/INFO] [net.minecraftforge.fml.VersionChecker/]: [iceberg] Found status: UP_TO_DATE Current: 1.1.25 Target: null
[17Jul2026 23:16:25.345] [Forge Version Check/INFO] [net.minecraftforge.fml.VersionChecker/]: [inventoryhud] Starting version check at https://raw.githubusercontent.com/DmitryLovin/pluginUpdate/master/invupdate.json
[17Jul2026 23:16:25.362] [Forge Version Check/INFO] [net.minecraftforge.fml.VersionChecker/]: [inventoryhud] Found status: UP_TO_DATE Current: 3.4.26 Target: null
[17Jul2026 23:16:25.362] [Forge Version Check/INFO] [net.minecraftforge.fml.VersionChecker/]: [presencefootsteps] Starting version check at https://forge.curseupdate.com/433068/presencefootsteps
[17Jul2026 23:16:25.460] [Forge Version Check/INFO] [net.minecraftforge.fml.VersionChecker/]: [presencefootsteps] Found status: BETA Current: 1.20.1-1.9.1-beta.1 Target: 1.20.1-1.9.1-beta.1
[17Jul2026 23:16:25.463] [main/WARN] [net.minecraft.server.packs.VanillaPackResourcesBuilder/]: Assets URL 'union:/workspaces/server/servidor_minecraft/libraries/net/minecraft/server/1.20.1-20230612.114412/server-1.20.1-20230612.114412-srg.jar%23539!/assets/.mcassetsroot' uses unexpected schema
[17Jul2026 23:16:25.464] [main/WARN] [net.minecraft.server.packs.VanillaPackResourcesBuilder/]: Assets URL 'union:/workspaces/server/servidor_minecraft/libraries/net/minecraft/server/1.20.1-20230612.114412/server-1.20.1-20230612.114412-srg.jar%23539!/data/.mcassetsroot' uses unexpected schema
[17Jul2026 23:16:25.842] [main/INFO] [com.simibubi.create.Create/]: Created 667 recipes which will be injected into the game
[17Jul2026 23:16:25.854] [main/INFO] [com.simibubi.create.Create/]: Created 30 tags which will be injected into the game
[17Jul2026 23:16:25.995] [main/INFO] [tacz/GunPackFinder]: Start scanning for gun packs in /workspaces/server/servidor_minecraft/tacz
[17Jul2026 23:16:25.997] [main/INFO] [tacz/GunPackFinder]: - tacz_default_gun, Main namespace: tacz
[17Jul2026 23:16:25.997] [main/INFO] [tacz/GunPackFinder]: Found 1 possible gunpack(s) and added them to resource set.
[17Jul2026 23:16:27.271] [main/INFO] [com.teamabnormals.blueprint.core.Blueprint/]: Successfully loaded 0 data remolders!
[17Jul2026 23:16:27.276] [main/INFO] [Moonlight/]: Starting runtime resource generation for pack type SERVER_DATA with generators from mods [immersive_weathering]: [com.ordana.immersive_weathering.dynamicpack.ServerDynamicResourcesHandler@2216617e]
[17Jul2026 23:16:27.277] [main/INFO] [Moonlight/]: Generating runtime assets for pack Immersive Weathering Generated Pack (immersive_weathering)
[17Jul2026 23:16:27.294] [main/INFO] [com.ordana.immersive_weathering.ImmersiveWeathering/]: Generated runtime SERVER_DATA for pack Immersive Weathering Generated Pack (immersive_weathering) in: 16 ms (multithreaded)
[17Jul2026 23:16:27.294] [main/INFO] [Moonlight/]: Finished runtime resources generation for 1 packs in a total of 17 ms
[17Jul2026 23:16:29.937] [main/INFO] [com.github.alexthe666.alexsmobs.AlexsMobs/]: Adding datapack listener capsid_recipes
[17Jul2026 23:16:30.168] [Worker-Main-2/WARN] [artifacts.Artifacts/]: Tag entries for curios:tags/items/magic_book.json cleared by tombstone-1.20.1-9.1.0.jar
[17Jul2026 23:16:30.313] [Worker-Main-2/ERROR] [net.minecraft.tags.TagLoader/]: Couldn't load tag apocalypsenow:armor/cloth as it is missing following references: apocalypsenow:nurse_helmet (from apocalypsenow-3.0.5-forge-1.20.1.jar)
[17Jul2026 23:16:31.445] [Worker-Main-3/INFO] [dev.foxgirl.crabclaws.CrabclawsMod/]: Added crab claw loot pool to minecraft:chests/underwater_ruin_small
[17Jul2026 23:16:31.562] [Worker-Main-3/ERROR] [net.minecraftforge.common.ForgeHooks/]: Couldn't parse element loot_tables:dtbop:trees/voluntary/glowshroom
com.google.gson.JsonSyntaxException: Expected name to be an item, was unknown string 'dtbop:glowshroom_seed'
	at net.minecraft.util.GsonHelper.m_13866_(GsonHelper.java:145) ~[server-1.20.1-20230612.114412-srg.jar%23539!/:?]
	at java.util.Optional.orElseThrow(Optional.java:403) ~[?:?]
	at net.minecraft.util.GsonHelper.m_13874_(GsonHelper.java:145) ~[server-1.20.1-20230612.114412-srg.jar%23539!/:?]
	at net.minecraft.util.GsonHelper.m_13909_(GsonHelper.java:153) ~[server-1.20.1-20230612.114412-srg.jar%23539!/:?]
	at net.minecraft.world.level.storage.loot.entries.LootItem$Serializer.m_7267_(LootItem.java:55) ~[server-1.20.1-20230612.114412-srg.jar%23539!/:?]
	at net.minecraft.world.level.storage.loot.entries.LootItem$Serializer.m_7267_(LootItem.java:40) ~[server-1.20.1-20230612.114412-srg.jar%23539!/:?]
	at net.minecraft.world.level.storage.loot.entries.LootPoolSingletonContainer$Serializer.m_5921_(LootPoolSingletonContainer.java:151) ~[server-1.20.1-20230612.114412-srg.jar%23539!/:?]
	at net.minecraft.world.level.storage.loot.entries.LootPoolSingletonContainer$Serializer.m_5921_(LootPoolSingletonContainer.java:129) ~[server-1.20.1-20230612.114412-srg.jar%23539!/:?]
	at net.minecraft.world.level.storage.loot.entries.LootPoolEntryContainer$Serializer.m_7561_(LootPoolEntryContainer.java:86) ~[server-1.20.1-20230612.114412-srg.jar%23539!/:?]
	at net.minecraft.world.level.storage.loot.entries.LootPoolEntryContainer$Serializer.m_7561_(LootPoolEntryContainer.java:74) ~[server-1.20.1-20230612.114412-srg.jar%23539!/:?]
	at net.minecraft.world.level.storage.loot.GsonAdapterFactory$JsonAdapter.deserialize(GsonAdapterFactory.java:102) ~[server-1.20.1-20230612.114412-srg.jar%23539!/:?]
	at com.google.gson.internal.bind.TreeTypeAdapter.read(TreeTypeAdapter.java:76) ~[gson-2.10.jar%2370!/:?]
	at com.google.gson.internal.bind.TypeAdapterRuntimeTypeWrapper.read(TypeAdapterRuntimeTypeWrapper.java:40) ~[gson-2.10.jar%2370!/:?]
	at com.google.gson.internal.bind.ArrayTypeAdapter.read(ArrayTypeAdapter.java:72) ~[gson-2.10.jar%2370!/:?]
	at com.google.gson.Gson.fromJson(Gson.java:1214) ~[gson-2.10.jar%2370!/:?]
	at com.google.gson.Gson.fromJson(Gson.java:1319) ~[gson-2.10.jar%2370!/:?]
	at com.google.gson.Gson.fromJson(Gson.java:1290) ~[gson-2.10.jar%2370!/:?]
	at com.google.gson.internal.bind.TreeTypeAdapter$GsonContextImpl.deserialize(TreeTypeAdapter.java:179) ~[gson-2.10.jar%2370!/:?]
	at net.minecraft.util.GsonHelper.m_13808_(GsonHelper.java:463) ~[server-1.20.1-20230612.114412-srg.jar%23539!/:?]
	at net.minecraft.util.GsonHelper.m_13836_(GsonHelper.java:471) ~[server-1.20.1-20230612.114412-srg.jar%23539!/:?]
	at net.minecraft.world.level.storage.loot.LootPool$Serializer.deserialize(LootPool.java:192) ~[server-1.20.1-20230612.114412-srg.jar%23539!/:?]
	at net.minecraft.world.level.storage.loot.LootPool$Serializer.deserialize(LootPool.java:189) ~[server-1.20.1-20230612.114412-srg.jar%23539!/:?]
	at com.google.gson.internal.bind.TreeTypeAdapter.read(TreeTypeAdapter.java:76) ~[gson-2.10.jar%2370!/:?]
	at com.google.gson.internal.bind.TypeAdapterRuntimeTypeWrapper.read(TypeAdapterRuntimeTypeWrapper.java:40) ~[gson-2.10.jar%2370!/:?]
	at com.google.gson.internal.bind.ArrayTypeAdapter.read(ArrayTypeAdapter.java:72) ~[gson-2.10.jar%2370!/:?]
	at com.google.gson.Gson.fromJson(Gson.java:1214) ~[gson-2.10.jar%2370!/:?]
	at com.google.gson.Gson.fromJson(Gson.java:1319) ~[gson-2.10.jar%2370!/:?]
	at com.google.gson.Gson.fromJson(Gson.java:1290) ~[gson-2.10.jar%2370!/:?]
	at com.google.gson.internal.bind.TreeTypeAdapter$GsonContextImpl.deserialize(TreeTypeAdapter.java:179) ~[gson-2.10.jar%2370!/:?]
	at net.minecraft.util.GsonHelper.m_13808_(GsonHelper.java:463) ~[server-1.20.1-20230612.114412-srg.jar%23539!/:?]
	at net.minecraft.util.GsonHelper.m_13845_(GsonHelper.java:481) ~[server-1.20.1-20230612.114412-srg.jar%23539!/:?]
	at net.minecraft.world.level.storage.loot.LootTable$Serializer.deserialize(LootTable.java:294) ~[server-1.20.1-20230612.114412-srg.jar%23539!/:?]
	at net.minecraft.world.level.storage.loot.LootTable$Serializer.deserialize(LootTable.java:291) ~[server-1.20.1-20230612.114412-srg.jar%23539!/:?]
	at com.google.gson.internal.bind.TreeTypeAdapter.read(TreeTypeAdapter.java:76) ~[gson-2.10.jar%2370!/:?]
	at com.google.gson.Gson.fromJson(Gson.java:1214) ~[gson-2.10.jar%2370!/:?]
	at com.google.gson.Gson.fromJson(Gson.java:1319) ~[gson-2.10.jar%2370!/:?]
	at com.google.gson.Gson.fromJson(Gson.java:1261) ~[gson-2.10.jar%2370!/:?]
	at net.minecraftforge.common.ForgeHooks.loadLootTable(ForgeHooks.java:871) ~[forge-1.20.1-47.3.7-universal.jar%23544!/:?]
	at net.minecraftforge.common.ForgeHooks.lambda$getLootTableDeserializer$3(ForgeHooks.java:848) ~[forge-1.20.1-47.3.7-universal.jar%23544!/:?]
	at net.minecraft.world.level.storage.loot.LootDataType.deserialize(LootDataType.java:45) ~[server-1.20.1-20230612.114412-srg.jar%23539!/:?]
	at net.minecraft.world.level.storage.loot.LootDataManager.lambda$scheduleElementParse$4(LootDataManager.java:56) ~[server-1.20.1-20230612.114412-srg.jar%23539!/:?]
	at java.util.HashMap.forEach(HashMap.java:1421) ~[?:?]
	at net.minecraft.world.level.storage.loot.LootDataManager.m_278660_(LootDataManager.java:55) ~[server-1.20.1-20230612.114412-srg.jar%23539!/:?]
	at java.util.concurrent.CompletableFuture$AsyncRun.run(CompletableFuture.java:1804) ~[?:?]
	at java.util.concurrent.CompletableFuture$AsyncRun.exec(CompletableFuture.java:1796) ~[?:?]
	at java.util.concurrent.ForkJoinTask.doExec(ForkJoinTask.java:373) ~[?:?]
	at java.util.concurrent.ForkJoinPool$WorkQueue.topLevelExec(ForkJoinPool.java:1182) ~[?:?]
	at java.util.concurrent.ForkJoinPool.scan(ForkJoinPool.java:1655) ~[?:?]
	at java.util.concurrent.ForkJoinPool.runWorker(ForkJoinPool.java:1622) ~[?:?]
	at java.util.concurrent.ForkJoinWorkerThread.run(ForkJoinWorkerThread.java:165) ~[?:?]
[17Jul2026 23:16:32.163] [Worker-Main-3/ERROR] [net.minecraftforge.common.ForgeHooks/]: Couldn't parse element loot_tables:minecraft:chests/villagetaigahouse
com.google.gson.JsonSyntaxException: Expected name to be an item, was unknown string 'apocalypsenow:officer_chestplate'
	at net.minecraft.util.GsonHelper.m_13866_(GsonHelper.java:145) ~[server-1.20.1-20230612.114412-srg.jar%23539!/:?]
	at java.util.Optional.orElseThrow(Optional.java:403) ~[?:?]
	at net.minecraft.util.GsonHelper.m_13874_(GsonHelper.java:145) ~[server-1.20.1-20230612.114412-srg.jar%23539!/:?]
	at net.minecraft.util.GsonHelper.m_13909_(GsonHelper.java:153) ~[server-1.20.1-20230612.114412-srg.jar%23539!/:?]
	at net.minecraft.world.level.storage.loot.entries.LootItem$Serializer.m_7267_(LootItem.java:55) ~[server-1.20.1-20230612.114412-srg.jar%23539!/:?]
	at net.minecraft.world.level.storage.loot.entries.LootItem$Serializer.m_7267_(LootItem.java:40) ~[server-1.20.1-20230612.114412-srg.jar%23539!/:?]
	at net.minecraft.world.level.storage.loot.entries.LootPoolSingletonContainer$Serializer.m_5921_(LootPoolSingletonContainer.java:151) ~[server-1.20.1-20230612.114412-srg.jar%23539!/:?]
	at net.minecraft.world.level.storage.loot.entries.LootPoolSingletonContainer$Serializer.m_5921_(LootPoolSingletonContainer.java:129) ~[server-1.20.1-20230612.114412-srg.jar%23539!/:?]
	at net.minecraft.world.level.storage.loot.entries.LootPoolEntryContainer$Serializer.m_7561_(LootPoolEntryContainer.java:86) ~[server-1.20.1-20230612.114412-srg.jar%23539!/:?]
	at net.minecraft.world.level.storage.loot.entries.LootPoolEntryContainer$Serializer.m_7561_(LootPoolEntryContainer.java:74) ~[server-1.20.1-20230612.114412-srg.jar%23539!/:?]
	at net.minecraft.world.level.storage.loot.GsonAdapterFactory$JsonAdapter.deserialize(GsonAdapterFactory.java:102) ~[server-1.20.1-20230612.114412-srg.jar%23539!/:?]
	at com.google.gson.internal.bind.TreeTypeAdapter.read(TreeTypeAdapter.java:76) ~[gson-2.10.jar%2370!/:?]
	at com.google.gson.internal.bind.TypeAdapterRuntimeTypeWrapper.read(TypeAdapterRuntimeTypeWrapper.java:40) ~[gson-2.10.jar%2370!/:?]
	at com.google.gson.internal.bind.ArrayTypeAdapter.read(ArrayTypeAdapter.java:72) ~[gson-2.10.jar%2370!/:?]
	at com.google.gson.Gson.fromJson(Gson.java:1214) ~[gson-2.10.jar%2370!/:?]
	at com.google.gson.Gson.fromJson(Gson.java:1319) ~[gson-2.10.jar%2370!/:?]
	at com.google.gson.Gson.fromJson(Gson.java:1290) ~[gson-2.10.jar%2370!/:?]
	at com.google.gson.internal.bind.TreeTypeAdapter$GsonContextImpl.deserialize(TreeTypeAdapter.java:179) ~[gson-2.10.jar%2370!/:?]
	at net.minecraft.util.GsonHelper.m_13808_(GsonHelper.java:463) ~[server-1.20.1-20230612.114412-srg.jar%23539!/:?]
	at net.minecraft.util.GsonHelper.m_13836_(GsonHelper.java:471) ~[server-1.20.1-20230612.114412-srg.jar%23539!/:?]
	at net.minecraft.world.level.storage.loot.LootPool$Serializer.deserialize(LootPool.java:192) ~[server-1.20.1-20230612.114412-srg.jar%23539!/:?]
	at net.minecraft.world.level.storage.loot.LootPool$Serializer.deserialize(LootPool.java:189) ~[server-1.20.1-20230612.114412-srg.jar%23539!/:?]
	at com.google.gson.internal.bind.TreeTypeAdapter.read(TreeTypeAdapter.java:76) ~[gson-2.10.jar%2370!/:?]
	at com.google.gson.internal.bind.TypeAdapterRuntimeTypeWrapper.read(TypeAdapterRuntimeTypeWrapper.java:40) ~[gson-2.10.jar%2370!/:?]
	at com.google.gson.internal.bind.ArrayTypeAdapter.read(ArrayTypeAdapter.java:72) ~[gson-2.10.jar%2370!/:?]
	at com.google.gson.Gson.fromJson(Gson.java:1214) ~[gson-2.10.jar%2370!/:?]
	at com.google.gson.Gson.fromJson(Gson.java:1319) ~[gson-2.10.jar%2370!/:?]
	at com.google.gson.Gson.fromJson(Gson.java:1290) ~[gson-2.10.jar%2370!/:?]
	at com.google.gson.internal.bind.TreeTypeAdapter$GsonContextImpl.deserialize(TreeTypeAdapter.java:179) ~[gson-2.10.jar%2370!/:?]
	at net.minecraft.util.GsonHelper.m_13808_(GsonHelper.java:463) ~[server-1.20.1-20230612.114412-srg.jar%23539!/:?]
	at net.minecraft.util.GsonHelper.m_13845_(GsonHelper.java:481) ~[server-1.20.1-20230612.114412-srg.jar%23539!/:?]
	at net.minecraft.world.level.storage.loot.LootTable$Serializer.deserialize(LootTable.java:294) ~[server-1.20.1-20230612.114412-srg.jar%23539!/:?]
	at net.minecraft.world.level.storage.loot.LootTable$Serializer.deserialize(LootTable.java:291) ~[server-1.20.1-20230612.114412-srg.jar%23539!/:?]
	at com.google.gson.internal.bind.TreeTypeAdapter.read(TreeTypeAdapter.java:76) ~[gson-2.10.jar%2370!/:?]
	at com.google.gson.Gson.fromJson(Gson.java:1214) ~[gson-2.10.jar%2370!/:?]
	at com.google.gson.Gson.fromJson(Gson.java:1319) ~[gson-2.10.jar%2370!/:?]
	at com.google.gson.Gson.fromJson(Gson.java:1261) ~[gson-2.10.jar%2370!/:?]
	at net.minecraftforge.common.ForgeHooks.loadLootTable(ForgeHooks.java:871) ~[forge-1.20.1-47.3.7-universal.jar%23544!/:?]
	at net.minecraftforge.common.ForgeHooks.lambda$getLootTableDeserializer$3(ForgeHooks.java:848) ~[forge-1.20.1-47.3.7-universal.jar%23544!/:?]
	at net.minecraft.world.level.storage.loot.LootDataType.deserialize(LootDataType.java:45) ~[server-1.20.1-20230612.114412-srg.jar%23539!/:?]
	at net.minecraft.world.level.storage.loot.LootDataManager.lambda$scheduleElementParse$4(LootDataManager.java:56) ~[server-1.20.1-20230612.114412-srg.jar%23539!/:?]
	at java.util.HashMap.forEach(HashMap.java:1421) ~[?:?]
	at net.minecraft.world.level.storage.loot.LootDataManager.m_278660_(LootDataManager.java:55) ~[server-1.20.1-20230612.114412-srg.jar%23539!/:?]
	at java.util.concurrent.CompletableFuture$AsyncRun.run(CompletableFuture.java:1804) ~[?:?]
	at java.util.concurrent.CompletableFuture$AsyncRun.exec(CompletableFuture.java:1796) ~[?:?]
	at java.util.concurrent.ForkJoinTask.doExec(ForkJoinTask.java:373) ~[?:?]
	at java.util.concurrent.ForkJoinPool$WorkQueue.topLevelExec(ForkJoinPool.java:1182) ~[?:?]
	at java.util.concurrent.ForkJoinPool.scan(ForkJoinPool.java:1655) ~[?:?]
	at java.util.concurrent.ForkJoinPool.runWorker(ForkJoinPool.java:1622) ~[?:?]
	at java.util.concurrent.ForkJoinWorkerThread.run(ForkJoinWorkerThread.java:165) ~[?:?]
[17Jul2026 23:16:32.231] [Worker-Main-3/INFO] [dev.foxgirl.crabclaws.CrabclawsMod/]: Added crab claw loot pool to minecraft:chests/underwater_ruin_big
[17Jul2026 23:16:32.384] [Worker-Main-3/ERROR] [net.minecraftforge.common.ForgeHooks/]: Couldn't parse element loot_tables:adorable_eggs:blocks/breeze_egg
com.google.gson.JsonSyntaxException: Expected name to be an item, was unknown string 'minecraft:breeze_spawn_egg'
	at net.minecraft.util.GsonHelper.m_13866_(GsonHelper.java:145) ~[server-1.20.1-20230612.114412-srg.jar%23539!/:?]
	at java.util.Optional.orElseThrow(Optional.java:403) ~[?:?]
	at net.minecraft.util.GsonHelper.m_13874_(GsonHelper.java:145) ~[server-1.20.1-20230612.114412-srg.jar%23539!/:?]
	at net.minecraft.util.GsonHelper.m_13909_(GsonHelper.java:153) ~[server-1.20.1-20230612.114412-srg.jar%23539!/:?]
	at net.minecraft.world.level.storage.loot.entries.LootItem$Serializer.m_7267_(LootItem.java:55) ~[server-1.20.1-20230612.114412-srg.jar%23539!/:?]
	at net.minecraft.world.level.storage.loot.entries.LootItem$Serializer.m_7267_(LootItem.java:40) ~[server-1.20.1-20230612.114412-srg.jar%23539!/:?]
	at net.minecraft.world.level.storage.loot.entries.LootPoolSingletonContainer$Serializer.m_5921_(LootPoolSingletonContainer.java:151) ~[server-1.20.1-20230612.114412-srg.jar%23539!/:?]
	at net.minecraft.world.level.storage.loot.entries.LootPoolSingletonContainer$Serializer.m_5921_(LootPoolSingletonContainer.java:129) ~[server-1.20.1-20230612.114412-srg.jar%23539!/:?]
	at net.minecraft.world.level.storage.loot.entries.LootPoolEntryContainer$Serializer.m_7561_(LootPoolEntryContainer.java:86) ~[server-1.20.1-20230612.114412-srg.jar%23539!/:?]
	at net.minecraft.world.level.storage.loot.entries.LootPoolEntryContainer$Serializer.m_7561_(LootPoolEntryContainer.java:74) ~[server-1.20.1-20230612.114412-srg.jar%23539!/:?]
	at net.minecraft.world.level.storage.loot.GsonAdapterFactory$JsonAdapter.deserialize(GsonAdapterFactory.java:102) ~[server-1.20.1-20230612.114412-srg.jar%23539!/:?]
	at com.google.gson.internal.bind.TreeTypeAdapter.read(TreeTypeAdapter.java:76) ~[gson-2.10.jar%2370!/:?]
	at com.google.gson.internal.bind.TypeAdapterRuntimeTypeWrapper.read(TypeAdapterRuntimeTypeWrapper.java:40) ~[gson-2.10.jar%2370!/:?]
	at com.google.gson.internal.bind.ArrayTypeAdapter.read(ArrayTypeAdapter.java:72) ~[gson-2.10.jar%2370!/:?]
	at com.google.gson.Gson.fromJson(Gson.java:1214) ~[gson-2.10.jar%2370!/:?]
	at com.google.gson.Gson.fromJson(Gson.java:1319) ~[gson-2.10.jar%2370!/:?]
	at com.google.gson.Gson.fromJson(Gson.java:1290) ~[gson-2.10.jar%2370!/:?]
	at com.google.gson.internal.bind.TreeTypeAdapter$GsonContextImpl.deserialize(TreeTypeAdapter.java:179) ~[gson-2.10.jar%2370!/:?]
	at net.minecraft.util.GsonHelper.m_13808_(GsonHelper.java:463) ~[server-1.20.1-20230612.114412-srg.jar%23539!/:?]
	at net.minecraft.util.GsonHelper.m_13836_(GsonHelper.java:471) ~[server-1.20.1-20230612.114412-srg.jar%23539!/:?]
	at net.minecraft.world.level.storage.loot.LootPool$Serializer.deserialize(LootPool.java:192) ~[server-1.20.1-20230612.114412-srg.jar%23539!/:?]
	at net.minecraft.world.level.storage.loot.LootPool$Serializer.deserialize(LootPool.java:189) ~[server-1.20.1-20230612.114412-srg.jar%23539!/:?]
	at com.google.gson.internal.bind.TreeTypeAdapter.read(TreeTypeAdapter.java:76) ~[gson-2.10.jar%2370!/:?]
	at com.google.gson.internal.bind.TypeAdapterRuntimeTypeWrapper.read(TypeAdapterRuntimeTypeWrapper.java:40) ~[gson-2.10.jar%2370!/:?]
	at com.google.gson.internal.bind.ArrayTypeAdapter.read(ArrayTypeAdapter.java:72) ~[gson-2.10.jar%2370!/:?]
	at com.google.gson.Gson.fromJson(Gson.java:1214) ~[gson-2.10.jar%2370!/:?]
	at com.google.gson.Gson.fromJson(Gson.java:1319) ~[gson-2.10.jar%2370!/:?]
	at com.google.gson.Gson.fromJson(Gson.java:1290) ~[gson-2.10.jar%2370!/:?]
	at com.google.gson.internal.bind.TreeTypeAdapter$GsonContextImpl.deserialize(TreeTypeAdapter.java:179) ~[gson-2.10.jar%2370!/:?]
	at net.minecraft.util.GsonHelper.m_13808_(GsonHelper.java:463) ~[server-1.20.1-20230612.114412-srg.jar%23539!/:?]
	at net.minecraft.util.GsonHelper.m_13845_(GsonHelper.java:481) ~[server-1.20.1-20230612.114412-srg.jar%23539!/:?]
	at net.minecraft.world.level.storage.loot.LootTable$Serializer.deserialize(LootTable.java:294) ~[server-1.20.1-20230612.114412-srg.jar%23539!/:?]
	at net.minecraft.world.level.storage.loot.LootTable$Serializer.deserialize(LootTable.java:291) ~[server-1.20.1-20230612.114412-srg.jar%23539!/:?]
	at com.google.gson.internal.bind.TreeTypeAdapter.read(TreeTypeAdapter.java:76) ~[gson-2.10.jar%2370!/:?]
	at com.google.gson.Gson.fromJson(Gson.java:1214) ~[gson-2.10.jar%2370!/:?]
	at com.google.gson.Gson.fromJson(Gson.java:1319) ~[gson-2.10.jar%2370!/:?]
	at com.google.gson.Gson.fromJson(Gson.java:1261) ~[gson-2.10.jar%2370!/:?]
	at net.minecraftforge.common.ForgeHooks.loadLootTable(ForgeHooks.java:871) ~[forge-1.20.1-47.3.7-universal.jar%23544!/:?]
	at net.minecraftforge.common.ForgeHooks.lambda$getLootTableDeserializer$3(ForgeHooks.java:848) ~[forge-1.20.1-47.3.7-universal.jar%23544!/:?]
	at net.minecraft.world.level.storage.loot.LootDataType.deserialize(LootDataType.java:45) ~[server-1.20.1-20230612.114412-srg.jar%23539!/:?]
	at net.minecraft.world.level.storage.loot.LootDataManager.lambda$scheduleElementParse$4(LootDataManager.java:56) ~[server-1.20.1-20230612.114412-srg.jar%23539!/:?]
	at java.util.HashMap.forEach(HashMap.java:1421) ~[?:?]
	at net.minecraft.world.level.storage.loot.LootDataManager.m_278660_(LootDataManager.java:55) ~[server-1.20.1-20230612.114412-srg.jar%23539!/:?]
	at java.util.concurrent.CompletableFuture$AsyncRun.run(CompletableFuture.java:1804) ~[?:?]
	at java.util.concurrent.CompletableFuture$AsyncRun.exec(CompletableFuture.java:1796) ~[?:?]
	at java.util.concurrent.ForkJoinTask.doExec(ForkJoinTask.java:373) ~[?:?]
	at java.util.concurrent.ForkJoinPool$WorkQueue.topLevelExec(ForkJoinPool.java:1182) ~[?:?]
	at java.util.concurrent.ForkJoinPool.scan(ForkJoinPool.java:1655) ~[?:?]
	at java.util.concurrent.ForkJoinPool.runWorker(ForkJoinPool.java:1622) ~[?:?]
	at java.util.concurrent.ForkJoinWorkerThread.run(ForkJoinWorkerThread.java:165) ~[?:?]
[17Jul2026 23:16:32.487] [Worker-Main-3/ERROR] [net.minecraftforge.common.ForgeHooks/]: Couldn't parse element loot_tables:adorable_eggs:blocks/bogged_egg
com.google.gson.JsonSyntaxException: Expected name to be an item, was unknown string 'minecraft:bogged_spawn_egg'
	at net.minecraft.util.GsonHelper.m_13866_(GsonHelper.java:145) ~[server-1.20.1-20230612.114412-srg.jar%23539!/:?]
	at java.util.Optional.orElseThrow(Optional.java:403) ~[?:?]
	at net.minecraft.util.GsonHelper.m_13874_(GsonHelper.java:145) ~[server-1.20.1-20230612.114412-srg.jar%23539!/:?]
	at net.minecraft.util.GsonHelper.m_13909_(GsonHelper.java:153) ~[server-1.20.1-20230612.114412-srg.jar%23539!/:?]
	at net.minecraft.world.level.storage.loot.entries.LootItem$Serializer.m_7267_(LootItem.java:55) ~[server-1.20.1-20230612.114412-srg.jar%23539!/:?]
	at net.minecraft.world.level.storage.loot.entries.LootItem$Serializer.m_7267_(LootItem.java:40) ~[server-1.20.1-20230612.114412-srg.jar%23539!/:?]
	at net.minecraft.world.level.storage.loot.entries.LootPoolSingletonContainer$Serializer.m_5921_(LootPoolSingletonContainer.java:151) ~[server-1.20.1-20230612.114412-srg.jar%23539!/:?]
	at net.minecraft.world.level.storage.loot.entries.LootPoolSingletonContainer$Serializer.m_5921_(LootPoolSingletonContainer.java:129) ~[server-1.20.1-20230612.114412-srg.jar%23539!/:?]
	at net.minecraft.world.level.storage.loot.entries.LootPoolEntryContainer$Serializer.m_7561_(LootPoolEntryContainer.java:86) ~[server-1.20.1-20230612.114412-srg.jar%23539!/:?]
	at net.minecraft.world.level.storage.loot.entries.LootPoolEntryContainer$Serializer.m_7561_(LootPoolEntryContainer.java:74) ~[server-1.20.1-20230612.114412-srg.jar%23539!/:?]
	at net.minecraft.world.level.storage.loot.GsonAdapterFactory$JsonAdapter.deserialize(GsonAdapterFactory.java:102) ~[server-1.20.1-20230612.114412-srg.jar%23539!/:?]
	at com.google.gson.internal.bind.TreeTypeAdapter.read(TreeTypeAdapter.java:76) ~[gson-2.10.jar%2370!/:?]
	at com.google.gson.internal.bind.TypeAdapterRuntimeTypeWrapper.read(TypeAdapterRuntimeTypeWrapper.java:40) ~[gson-2.10.jar%2370!/:?]
	at com.google.gson.internal.bind.ArrayTypeAdapter.read(ArrayTypeAdapter.java:72) ~[gson-2.10.jar%2370!/:?]
	at com.google.gson.Gson.fromJson(Gson.java:1214) ~[gson-2.10.jar%2370!/:?]
	at com.google.gson.Gson.fromJson(Gson.java:1319) ~[gson-2.10.jar%2370!/:?]
	at com.google.gson.Gson.fromJson(Gson.java:1290) ~[gson-2.10.jar%2370!/:?]
	at com.google.gson.internal.bind.TreeTypeAdapter$GsonContextImpl.deserialize(TreeTypeAdapter.java:179) ~[gson-2.10.jar%2370!/:?]
	at net.minecraft.util.GsonHelper.m_13808_(GsonHelper.java:463) ~[server-1.20.1-20230612.114412-srg.jar%23539!/:?]
	at net.minecraft.util.GsonHelper.m_13836_(GsonHelper.java:471) ~[server-1.20.1-20230612.114412-srg.jar%23539!/:?]
	at net.minecraft.world.level.storage.loot.LootPool$Serializer.deserialize(LootPool.java:192) ~[server-1.20.1-20230612.114412-srg.jar%23539!/:?]
	at net.minecraft.world.level.storage.loot.LootPool$Serializer.deserialize(LootPool.java:189) ~[server-1.20.1-20230612.114412-srg.jar%23539!/:?]
	at com.google.gson.internal.bind.TreeTypeAdapter.read(TreeTypeAdapter.java:76) ~[gson-2.10.jar%2370!/:?]
	at com.google.gson.internal.bind.TypeAdapterRuntimeTypeWrapper.read(TypeAdapterRuntimeTypeWrapper.java:40) ~[gson-2.10.jar%2370!/:?]
	at com.google.gson.internal.bind.ArrayTypeAdapter.read(ArrayTypeAdapter.java:72) ~[gson-2.10.jar%2370!/:?]
	at com.google.gson.Gson.fromJson(Gson.java:1214) ~[gson-2.10.jar%2370!/:?]
	at com.google.gson.Gson.fromJson(Gson.java:1319) ~[gson-2.10.jar%2370!/:?]
	at com.google.gson.Gson.fromJson(Gson.java:1290) ~[gson-2.10.jar%2370!/:?]
	at com.google.gson.internal.bind.TreeTypeAdapter$GsonContextImpl.deserialize(TreeTypeAdapter.java:179) ~[gson-2.10.jar%2370!/:?]
	at net.minecraft.util.GsonHelper.m_13808_(GsonHelper.java:463) ~[server-1.20.1-20230612.114412-srg.jar%23539!/:?]
	at net.minecraft.util.GsonHelper.m_13845_(GsonHelper.java:481) ~[server-1.20.1-20230612.114412-srg.jar%23539!/:?]
	at net.minecraft.world.level.storage.loot.LootTable$Serializer.deserialize(LootTable.java:294) ~[server-1.20.1-20230612.114412-srg.jar%23539!/:?]
	at net.minecraft.world.level.storage.loot.LootTable$Serializer.deserialize(LootTable.java:291) ~[server-1.20.1-20230612.114412-srg.jar%23539!/:?]
	at com.google.gson.internal.bind.TreeTypeAdapter.read(TreeTypeAdapter.java:76) ~[gson-2.10.jar%2370!/:?]
	at com.google.gson.Gson.fromJson(Gson.java:1214) ~[gson-2.10.jar%2370!/:?]
	at com.google.gson.Gson.fromJson(Gson.java:1319) ~[gson-2.10.jar%2370!/:?]
	at com.google.gson.Gson.fromJson(Gson.java:1261) ~[gson-2.10.jar%2370!/:?]
	at net.minecraftforge.common.ForgeHooks.loadLootTable(ForgeHooks.java:871) ~[forge-1.20.1-47.3.7-universal.jar%23544!/:?]
	at net.minecraftforge.common.ForgeHooks.lambda$getLootTableDeserializer$3(ForgeHooks.java:848) ~[forge-1.20.1-47.3.7-universal.jar%23544!/:?]
	at net.minecraft.world.level.storage.loot.LootDataType.deserialize(LootDataType.java:45) ~[server-1.20.1-20230612.114412-srg.jar%23539!/:?]
	at net.minecraft.world.level.storage.loot.LootDataManager.lambda$scheduleElementParse$4(LootDataManager.java:56) ~[server-1.20.1-20230612.114412-srg.jar%23539!/:?]
	at java.util.HashMap.forEach(HashMap.java:1421) ~[?:?]
	at net.minecraft.world.level.storage.loot.LootDataManager.m_278660_(LootDataManager.java:55) ~[server-1.20.1-20230612.114412-srg.jar%23539!/:?]
	at java.util.concurrent.CompletableFuture$AsyncRun.run(CompletableFuture.java:1804) ~[?:?]
	at java.util.concurrent.CompletableFuture$AsyncRun.exec(CompletableFuture.java:1796) ~[?:?]
	at java.util.concurrent.ForkJoinTask.doExec(ForkJoinTask.java:373) ~[?:?]
	at java.util.concurrent.ForkJoinPool$WorkQueue.topLevelExec(ForkJoinPool.java:1182) ~[?:?]
	at java.util.concurrent.ForkJoinPool.scan(ForkJoinPool.java:1655) ~[?:?]
	at java.util.concurrent.ForkJoinPool.runWorker(ForkJoinPool.java:1622) ~[?:?]
	at java.util.concurrent.ForkJoinWorkerThread.run(ForkJoinWorkerThread.java:165) ~[?:?]
[17Jul2026 23:16:32.647] [Worker-Main-3/ERROR] [net.minecraftforge.common.ForgeHooks/]: Couldn't parse element loot_tables:dtbop:trees/voluntary/toadstool
com.google.gson.JsonSyntaxException: Expected name to be an item, was unknown string 'dtbop:toadstool_seed'
	at net.minecraft.util.GsonHelper.m_13866_(GsonHelper.java:145) ~[server-1.20.1-20230612.114412-srg.jar%23539!/:?]
	at java.util.Optional.orElseThrow(Optional.java:403) ~[?:?]
	at net.minecraft.util.GsonHelper.m_13874_(GsonHelper.java:145) ~[server-1.20.1-20230612.114412-srg.jar%23539!/:?]
	at net.minecraft.util.GsonHelper.m_13909_(GsonHelper.java:153) ~[server-1.20.1-20230612.114412-srg.jar%23539!/:?]
	at net.minecraft.world.level.storage.loot.entries.LootItem$Serializer.m_7267_(LootItem.java:55) ~[server-1.20.1-20230612.114412-srg.jar%23539!/:?]
	at net.minecraft.world.level.storage.loot.entries.LootItem$Serializer.m_7267_(LootItem.java:40) ~[server-1.20.1-20230612.114412-srg.jar%23539!/:?]
	at net.minecraft.world.level.storage.loot.entries.LootPoolSingletonContainer$Serializer.m_5921_(LootPoolSingletonContainer.java:151) ~[server-1.20.1-20230612.114412-srg.jar%23539!/:?]
	at net.minecraft.world.level.storage.loot.entries.LootPoolSingletonContainer$Serializer.m_5921_(LootPoolSingletonContainer.java:129) ~[server-1.20.1-20230612.114412-srg.jar%23539!/:?]
	at net.minecraft.world.level.storage.loot.entries.LootPoolEntryContainer$Serializer.m_7561_(LootPoolEntryContainer.java:86) ~[server-1.20.1-20230612.114412-srg.jar%23539!/:?]
	at net.minecraft.world.level.storage.loot.entries.LootPoolEntryContainer$Serializer.m_7561_(LootPoolEntryContainer.java:74) ~[server-1.20.1-20230612.114412-srg.jar%23539!/:?]
	at net.minecraft.world.level.storage.loot.GsonAdapterFactory$JsonAdapter.deserialize(GsonAdapterFactory.java:102) ~[server-1.20.1-20230612.114412-srg.jar%23539!/:?]
	at com.google.gson.internal.bind.TreeTypeAdapter.read(TreeTypeAdapter.java:76) ~[gson-2.10.jar%2370!/:?]
	at com.google.gson.internal.bind.TypeAdapterRuntimeTypeWrapper.read(TypeAdapterRuntimeTypeWrapper.java:40) ~[gson-2.10.jar%2370!/:?]
	at com.google.gson.internal.bind.ArrayTypeAdapter.read(ArrayTypeAdapter.java:72) ~[gson-2.10.jar%2370!/:?]
	at com.google.gson.Gson.fromJson(Gson.java:1214) ~[gson-2.10.jar%2370!/:?]
	at com.google.gson.Gson.fromJson(Gson.java:1319) ~[gson-2.10.jar%2370!/:?]
	at com.google.gson.Gson.fromJson(Gson.java:1290) ~[gson-2.10.jar%2370!/:?]
	at com.google.gson.internal.bind.TreeTypeAdapter$GsonContextImpl.deserialize(TreeTypeAdapter.java:179) ~[gson-2.10.jar%2370!/:?]
	at net.minecraft.util.GsonHelper.m_13808_(GsonHelper.java:463) ~[server-1.20.1-20230612.114412-srg.jar%23539!/:?]
	at net.minecraft.util.GsonHelper.m_13836_(GsonHelper.java:471) ~[server-1.20.1-20230612.114412-srg.jar%23539!/:?]
	at net.minecraft.world.level.storage.loot.LootPool$Serializer.deserialize(LootPool.java:192) ~[server-1.20.1-20230612.114412-srg.jar%23539!/:?]
	at net.minecraft.world.level.storage.loot.LootPool$Serializer.deserialize(LootPool.java:189) ~[server-1.20.1-20230612.114412-srg.jar%23539!/:?]
	at com.google.gson.internal.bind.TreeTypeAdapter.read(TreeTypeAdapter.java:76) ~[gson-2.10.jar%2370!/:?]
	at com.google.gson.internal.bind.TypeAdapterRuntimeTypeWrapper.read(TypeAdapterRuntimeTypeWrapper.java:40) ~[gson-2.10.jar%2370!/:?]
	at com.google.gson.internal.bind.ArrayTypeAdapter.read(ArrayTypeAdapter.java:72) ~[gson-2.10.jar%2370!/:?]
	at com.google.gson.Gson.fromJson(Gson.java:1214) ~[gson-2.10.jar%2370!/:?]
	at com.google.gson.Gson.fromJson(Gson.java:1319) ~[gson-2.10.jar%2370!/:?]
	at com.google.gson.Gson.fromJson(Gson.java:1290) ~[gson-2.10.jar%2370!/:?]
	at com.google.gson.internal.bind.TreeTypeAdapter$GsonContextImpl.deserialize(TreeTypeAdapter.java:179) ~[gson-2.10.jar%2370!/:?]
	at net.minecraft.util.GsonHelper.m_13808_(GsonHelper.java:463) ~[server-1.20.1-20230612.114412-srg.jar%23539!/:?]
	at net.minecraft.util.GsonHelper.m_13845_(GsonHelper.java:481) ~[server-1.20.1-20230612.114412-srg.jar%23539!/:?]
	at net.minecraft.world.level.storage.loot.LootTable$Serializer.deserialize(LootTable.java:294) ~[server-1.20.1-20230612.114412-srg.jar%23539!/:?]
	at net.minecraft.world.level.storage.loot.LootTable$Serializer.deserialize(LootTable.java:291) ~[server-1.20.1-20230612.114412-srg.jar%23539!/:?]
	at com.google.gson.internal.bind.TreeTypeAdapter.read(TreeTypeAdapter.java:76) ~[gson-2.10.jar%2370!/:?]
	at com.google.gson.Gson.fromJson(Gson.java:1214) ~[gson-2.10.jar%2370!/:?]
	at com.google.gson.Gson.fromJson(Gson.java:1319) ~[gson-2.10.jar%2370!/:?]
	at com.google.gson.Gson.fromJson(Gson.java:1261) ~[gson-2.10.jar%2370!/:?]
	at net.minecraftforge.common.ForgeHooks.loadLootTable(ForgeHooks.java:871) ~[forge-1.20.1-47.3.7-universal.jar%23544!/:?]
	at net.minecraftforge.common.ForgeHooks.lambda$getLootTableDeserializer$3(ForgeHooks.java:848) ~[forge-1.20.1-47.3.7-universal.jar%23544!/:?]
	at net.minecraft.world.level.storage.loot.LootDataType.deserialize(LootDataType.java:45) ~[server-1.20.1-20230612.114412-srg.jar%23539!/:?]
	at net.minecraft.world.level.storage.loot.LootDataManager.lambda$scheduleElementParse$4(LootDataManager.java:56) ~[server-1.20.1-20230612.114412-srg.jar%23539!/:?]
	at java.util.HashMap.forEach(HashMap.java:1421) ~[?:?]
	at net.minecraft.world.level.storage.loot.LootDataManager.m_278660_(LootDataManager.java:55) ~[server-1.20.1-20230612.114412-srg.jar%23539!/:?]
	at java.util.concurrent.CompletableFuture$AsyncRun.run(CompletableFuture.java:1804) ~[?:?]
	at java.util.concurrent.CompletableFuture$AsyncRun.exec(CompletableFuture.java:1796) ~[?:?]
	at java.util.concurrent.ForkJoinTask.doExec(ForkJoinTask.java:373) ~[?:?]
	at java.util.concurrent.ForkJoinPool$WorkQueue.topLevelExec(ForkJoinPool.java:1182) ~[?:?]
	at java.util.concurrent.ForkJoinPool.scan(ForkJoinPool.java:1655) ~[?:?]
	at java.util.concurrent.ForkJoinPool.runWorker(ForkJoinPool.java:1622) ~[?:?]
	at java.util.concurrent.ForkJoinWorkerThread.run(ForkJoinWorkerThread.java:165) ~[?:?]
[17Jul2026 23:16:32.688] [main/INFO] [com.teamabnormals.blueprint.core.Blueprint/]: Loot Modification Manager has loaded 0 modifier groups
[17Jul2026 23:16:32.806] [main/WARN] [net.minecraft.world.level.storage.loot.LootDataManager/]: Found loot table element validation problem in {loot_tables:alexsmobs:gameplay/seal_reward}.pools[0].entries[0]->{minecraft:gameplay/fishing/junk}.pools[1].condition[1]: Parameters [<parameter minecraft:origin>] are not provided in this context
[17Jul2026 23:16:33.300] [main/ERROR] [net.minecraft.world.item.crafting.RecipeManager/]: Parsing error loading recipe apocalypsenow:firemodulemachete: com.google.gson.JsonSyntaxException: Invalid or unsupported recipe type 'minecraft:smithing'
[17Jul2026 23:16:33.331] [main/ERROR] [net.minecraft.world.item.crafting.RecipeManager/]: Parsing error loading recipe apocalypsenow:firemoduleironbat: com.google.gson.JsonSyntaxException: Invalid or unsupported recipe type 'minecraft:smithing'
[17Jul2026 23:16:33.341] [main/WARN] [com.simibubi.create.Create/]: Your custom createaddition:rolling/brass_ingot recipe (createaddition:rolling/brass_ingot) specified a duration. Durations have no impact on this type of recipe.
[17Jul2026 23:16:33.346] [main/ERROR] [net.minecraft.world.item.crafting.RecipeManager/]: Parsing error loading recipe create_central_kitchen:sequenced_assembly/vegan_hamburger: com.google.gson.JsonSyntaxException: Unknown item 'miners_delight:vegan_patty'
[17Jul2026 23:16:33.429] [main/ERROR] [net.minecraft.world.item.crafting.RecipeManager/]: Parsing error loading recipe dynamictrees:guide: com.google.gson.JsonSyntaxException: Missing conditions, expected to find a JsonArray
[17Jul2026 23:16:33.454] [main/ERROR] [net.minecraft.world.item.crafting.RecipeManager/]: Parsing error loading recipe apocalypsenow:eletricalclub: com.google.gson.JsonSyntaxException: Invalid or unsupported recipe type 'minecraft:smithing'
[17Jul2026 23:16:33.765] [main/INFO] [net.minecraft.world.item.crafting.RecipeManager/]: Skipping loading recipe twilightforest:jeed/regeneration as it's serializer returned null
[17Jul2026 23:16:33.773] [main/INFO] [net.minecraft.world.item.crafting.RecipeManager/]: Skipping loading recipe twilightforest:jeed/fire_resistance as it's serializer returned null
[17Jul2026 23:16:33.776] [main/WARN] [com.simibubi.create.Create/]: Your custom createaddition:rolling/electrum_ingot recipe (createaddition:rolling/electrum_ingot) specified a duration. Durations have no impact on this type of recipe.
[17Jul2026 23:16:33.790] [main/ERROR] [net.minecraft.world.item.crafting.RecipeManager/]: Parsing error loading recipe apocalypsenow:combataxe: com.google.gson.JsonSyntaxException: Invalid or unsupported recipe type 'minecraft:smithing'
[17Jul2026 23:16:33.795] [main/ERROR] [net.minecraft.world.item.crafting.RecipeManager/]: Parsing error loading recipe tombstone:bone_scepter: com.google.gson.JsonSyntaxException: Missing item, expected to find a string
[17Jul2026 23:16:33.867] [main/INFO] [net.minecraft.world.item.crafting.RecipeManager/]: Skipping loading recipe twilightforest:jeed/blindness as it's serializer returned null
[17Jul2026 23:16:33.868] [main/WARN] [com.simibubi.create.Create/]: Your custom createaddition:rolling/straw recipe (createaddition:rolling/straw) specified a duration. Durations have no impact on this type of recipe.
[17Jul2026 23:16:33.901] [main/ERROR] [net.minecraft.world.item.crafting.RecipeManager/]: Parsing error loading recipe apocalypsenow:rockeyhelmetrecipe: com.google.gson.JsonSyntaxException: Unknown item 'apocalypsenow:officer_chestplate'
[17Jul2026 23:16:33.945] [main/INFO] [net.minecraft.world.item.crafting.RecipeManager/]: Skipping loading recipe twilightforest:jeed/resistance as it's serializer returned null
[17Jul2026 23:16:34.045] [main/INFO] [net.minecraft.world.item.crafting.RecipeManager/]: Skipping loading recipe twilightforest:jeed/hunger as it's serializer returned null
[17Jul2026 23:16:34.060] [main/WARN] [com.simibubi.create.Create/]: Your custom createaddition:rolling/copper_ingot recipe (createaddition:rolling/copper_ingot) specified a duration. Durations have no impact on this type of recipe.
[17Jul2026 23:16:34.064] [main/ERROR] [net.minecraft.world.item.crafting.RecipeManager/]: Parsing error loading recipe apocalypsenow:firemodulekatana: com.google.gson.JsonSyntaxException: Invalid or unsupported recipe type 'minecraft:smithing'
[17Jul2026 23:16:34.088] [main/INFO] [net.minecraft.world.item.crafting.RecipeManager/]: Skipping loading recipe twilightforest:jeed/poison as it's serializer returned null
[17Jul2026 23:16:34.091] [main/ERROR] [net.minecraft.world.item.crafting.RecipeManager/]: Parsing error loading recipe apocalypsenow:firemodulecombataxe: com.google.gson.JsonSyntaxException: Invalid or unsupported recipe type 'minecraft:smithing'
[17Jul2026 23:16:34.104] [main/ERROR] [net.minecraft.world.item.crafting.RecipeManager/]: Parsing error loading recipe apocalypsenow:eletricalkatana: com.google.gson.JsonSyntaxException: Invalid or unsupported recipe type 'minecraft:smithing'
[17Jul2026 23:16:34.113] [main/ERROR] [net.minecraft.world.item.crafting.RecipeManager/]: Parsing error loading recipe apocalypsenow:eletricaltaticalmace: com.google.gson.JsonSyntaxException: Invalid or unsupported recipe type 'minecraft:smithing'
[17Jul2026 23:16:34.115] [main/WARN] [com.simibubi.create.Create/]: Your custom createaddition:rolling/electrum_plate recipe (createaddition:rolling/electrum_plate) specified a duration. Durations have no impact on this type of recipe.
[17Jul2026 23:16:34.149] [main/WARN] [com.simibubi.create.Create/]: Your custom createaddition:rolling/iron_plate recipe (createaddition:rolling/iron_plate) specified a duration. Durations have no impact on this type of recipe.
[17Jul2026 23:16:34.165] [main/WARN] [com.simibubi.create.Create/]: Your custom createaddition:rolling/gold_plate recipe (createaddition:rolling/gold_plate) specified a duration. Durations have no impact on this type of recipe.
[17Jul2026 23:16:34.190] [main/INFO] [net.minecraft.world.item.crafting.RecipeManager/]: Skipping loading recipe twilightforest:jeed/frosted as it's serializer returned null
[17Jul2026 23:16:34.194] [main/WARN] [com.simibubi.create.Create/]: Your custom createaddition:rolling/iron_ingot recipe (createaddition:rolling/iron_ingot) specified a duration. Durations have no impact on this type of recipe.
[17Jul2026 23:16:34.197] [main/ERROR] [net.minecraft.world.item.crafting.RecipeManager/]: Parsing error loading recipe apocalypsenow:eletricalmachete: com.google.gson.JsonSyntaxException: Invalid or unsupported recipe type 'minecraft:smithing'
[17Jul2026 23:16:34.213] [main/WARN] [com.simibubi.create.Create/]: Your custom createaddition:rolling/gold_ingot recipe (createaddition:rolling/gold_ingot) specified a duration. Durations have no impact on this type of recipe.
[17Jul2026 23:16:34.226] [main/INFO] [net.minecraft.world.item.crafting.RecipeManager/]: Skipping loading recipe simpleplanes:plane_book as it's serializer returned null
[17Jul2026 23:16:34.234] [main/ERROR] [net.minecraft.world.item.crafting.RecipeManager/]: Parsing error loading recipe apocalypsenow:eletricalbaseballbat: com.google.gson.JsonSyntaxException: Invalid or unsupported recipe type 'minecraft:smithing'
[17Jul2026 23:16:34.246] [main/WARN] [com.simibubi.create.Create/]: Your custom createaddition:rolling/copper_plate recipe (createaddition:rolling/copper_plate) specified a duration. Durations have no impact on this type of recipe.
[17Jul2026 23:16:34.262] [main/INFO] [net.minecraft.world.item.crafting.RecipeManager/]: Skipping loading recipe twilightforest:jeed/slowness as it's serializer returned null
[17Jul2026 23:16:34.273] [main/INFO] [net.minecraft.world.item.crafting.RecipeManager/]: Loaded 71 recipes
[17Jul2026 23:16:34.289] [main/INFO] [com.teamabnormals.blueprint.core.Blueprint/]: Advancement Modification Manager has loaded 0 modifier groups
[17Jul2026 23:16:34.338] [main/ERROR] [net.minecraft.server.ServerAdvancementManager/]: Parsing error loading custom advancement nameless_trinkets:obtain/titans_mark: Unsupported icon type, currently only items are supported (add 'item' key)
[17Jul2026 23:16:34.348] [main/ERROR] [net.minecraft.server.ServerAdvancementManager/]: Parsing error loading custom advancement nameless_trinkets:obtain/shrinking_veil: Unsupported icon type, currently only items are supported (add 'item' key)
[17Jul2026 23:16:34.379] [main/ERROR] [net.minecraft.server.ServerAdvancementManager/]: Parsing error loading custom advancement nameless_trinkets:obtain/resonant_heart: Unsupported icon type, currently only items are supported (add 'item' key)
[17Jul2026 23:16:34.391] [main/ERROR] [net.minecraft.server.ServerAdvancementManager/]: Parsing error loading custom advancement nameless_trinkets:obtain/woundbearer: Unsupported icon type, currently only items are supported (add 'item' key)
[17Jul2026 23:16:34.443] [main/ERROR] [net.minecraft.server.ServerAdvancementManager/]: Parsing error loading custom advancement nameless_trinkets:obtain/unknown_fragment: Unsupported icon type, currently only items are supported (add 'item' key)
[17Jul2026 23:16:34.484] [main/ERROR] [net.minecraft.server.ServerAdvancementManager/]: Parsing error loading custom advancement nameless_trinkets:obtain/dying_star: Unsupported icon type, currently only items are supported (add 'item' key)
[17Jul2026 23:16:34.510] [main/ERROR] [net.minecraft.server.ServerAdvancementManager/]: Parsing error loading custom advancement tombstone:adventure/command_undead_servant: Unsupported icon type, currently only items are supported (add 'item' key)
[17Jul2026 23:16:34.595] [main/INFO] [quark/]: [Automatic Recipe Unlock] Removed 11097 recipe advancements
[17Jul2026 23:16:34.621] [main/INFO] [net.minecraft.advancements.AdvancementList/]: Loaded 1290 advancements
[17Jul2026 23:16:34.643] [main/INFO] [placebo/]: Registered 0 additional recipes.
[17Jul2026 23:16:34.649] [main/INFO] [top.theillusivec4.curios.Curios/]: Loaded 19 curio slots
[17Jul2026 23:16:34.657] [main/INFO] [top.theillusivec4.curios.Curios/]: Loaded 11 curio entities
[17Jul2026 23:16:34.827] [main/INFO] [com.cupboard.Cupboard/]: Loaded config for: connectivity.json
[17Jul2026 23:16:34.861] [main/WARN] [net.minecraftforge.common.loot.LootModifierManager/]: Unable to decode loot conditions
com.google.gson.JsonSyntaxException: Unknown type 'neoforge:loot_table_id'
	at net.minecraft.world.level.storage.loot.GsonAdapterFactory$JsonAdapter.deserialize(GsonAdapterFactory.java:99) ~[server-1.20.1-20230612.114412-srg.jar%23539!/:?]
	at com.google.gson.internal.bind.TreeTypeAdapter.read(TreeTypeAdapter.java:76) ~[gson-2.10.jar%2370!/:?]
	at com.google.gson.internal.bind.TypeAdapterRuntimeTypeWrapper.read(TypeAdapterRuntimeTypeWrapper.java:40) ~[gson-2.10.jar%2370!/:?]
	at com.google.gson.internal.bind.ArrayTypeAdapter.read(ArrayTypeAdapter.java:72) ~[gson-2.10.jar%2370!/:?]
	at com.google.gson.Gson.fromJson(Gson.java:1214) ~[gson-2.10.jar%2370!/:?]
	at com.google.gson.Gson.fromJson(Gson.java:1319) ~[gson-2.10.jar%2370!/:?]
	at com.google.gson.Gson.fromJson(Gson.java:1290) ~[gson-2.10.jar%2370!/:?]
	at com.google.gson.internal.bind.TreeTypeAdapter$GsonContextImpl.deserialize(TreeTypeAdapter.java:179) ~[gson-2.10.jar%2370!/:?]
	at net.minecraft.util.GsonHelper.m_13808_(GsonHelper.java:463) ~[server-1.20.1-20230612.114412-srg.jar%23539!/:?]
	at net.minecraft.util.GsonHelper.m_13836_(GsonHelper.java:471) ~[server-1.20.1-20230612.114412-srg.jar%23539!/:?]
	at net.minecraft.world.level.storage.loot.predicates.CompositeLootItemCondition$Serializer.m_7561_(CompositeLootItemCondition.java:68) ~[server-1.20.1-20230612.114412-srg.jar%23539!/:?]
	at net.minecraft.world.level.storage.loot.predicates.CompositeLootItemCondition$Serializer.m_7561_(CompositeLootItemCondition.java:60) ~[server-1.20.1-20230612.114412-srg.jar%23539!/:?]
	at net.minecraft.world.level.storage.loot.GsonAdapterFactory$JsonAdapter.deserialize(GsonAdapterFactory.java:102) ~[server-1.20.1-20230612.114412-srg.jar%23539!/:?]
	at com.google.gson.internal.bind.TreeTypeAdapter.read(TreeTypeAdapter.java:76) ~[gson-2.10.jar%2370!/:?]
	at com.google.gson.internal.bind.TypeAdapterRuntimeTypeWrapper.read(TypeAdapterRuntimeTypeWrapper.java:40) ~[gson-2.10.jar%2370!/:?]
	at com.google.gson.internal.bind.ArrayTypeAdapter.read(ArrayTypeAdapter.java:72) ~[gson-2.10.jar%2370!/:?]
	at com.google.gson.Gson.fromJson(Gson.java:1214) ~[gson-2.10.jar%2370!/:?]
	at com.google.gson.Gson.fromJson(Gson.java:1319) ~[gson-2.10.jar%2370!/:?]
	at com.google.gson.Gson.fromJson(Gson.java:1261) ~[gson-2.10.jar%2370!/:?]
	at net.minecraftforge.common.loot.IGlobalLootModifier.lambda$static$1(IGlobalLootModifier.java:39) ~[forge-1.20.1-47.3.7-universal.jar%23544!/:?]
	at com.mojang.serialization.Decoder$1.lambda$decode$1(Decoder.java:49) ~[datafixerupper-6.0.8.jar%2375!/:?]
	at com.mojang.serialization.DataResult.lambda$flatMap$11(DataResult.java:139) ~[datafixerupper-6.0.8.jar%2375!/:?]
	at com.mojang.datafixers.util.Either$Left.map(Either.java:38) ~[datafixerupper-6.0.8.jar%2375!/:?]
	at com.mojang.serialization.DataResult.flatMap(DataResult.java:137) ~[datafixerupper-6.0.8.jar%2375!/:?]
	at com.mojang.serialization.Decoder$1.decode(Decoder.java:49) ~[datafixerupper-6.0.8.jar%2375!/:?]
	at com.mojang.serialization.Codec$2.decode(Codec.java:71) ~[datafixerupper-6.0.8.jar%2375!/:?]
	at com.mojang.serialization.Decoder.parse(Decoder.java:18) ~[datafixerupper-6.0.8.jar%2375!/:?]
	at com.mojang.serialization.codecs.FieldDecoder.decode(FieldDecoder.java:29) ~[datafixerupper-6.0.8.jar%2375!/:?]
	at com.mojang.serialization.MapCodec$1.decode(MapCodec.java:34) ~[datafixerupper-6.0.8.jar%2375!/:?]
	at com.mojang.serialization.codecs.RecordCodecBuilder$Instance$3.decode(RecordCodecBuilder.java:248) ~[datafixerupper-6.0.8.jar%2375!/:?]
	at com.mojang.serialization.codecs.RecordCodecBuilder$2.decode(RecordCodecBuilder.java:107) ~[datafixerupper-6.0.8.jar%2375!/:?]
	at com.mojang.serialization.codecs.KeyDispatchCodec.lambda$decode$3(KeyDispatchCodec.java:67) ~[datafixerupper-6.0.8.jar%2375!/:?]
	at com.mojang.serialization.DataResult.lambda$flatMap$11(DataResult.java:139) ~[datafixerupper-6.0.8.jar%2375!/:?]
	at com.mojang.datafixers.util.Either$Left.map(Either.java:38) ~[datafixerupper-6.0.8.jar%2375!/:?]
	at com.mojang.serialization.DataResult.flatMap(DataResult.java:137) ~[datafixerupper-6.0.8.jar%2375!/:?]
	at com.mojang.serialization.codecs.KeyDispatchCodec.lambda$decode$4(KeyDispatchCodec.java:58) ~[datafixerupper-6.0.8.jar%2375!/:?]
	at com.mojang.serialization.DataResult.lambda$flatMap$11(DataResult.java:139) ~[datafixerupper-6.0.8.jar%2375!/:?]
	at com.mojang.datafixers.util.Either$Left.map(Either.java:38) ~[datafixerupper-6.0.8.jar%2375!/:?]
	at com.mojang.serialization.DataResult.flatMap(DataResult.java:137) ~[datafixerupper-6.0.8.jar%2375!/:?]
	at com.mojang.serialization.codecs.KeyDispatchCodec.decode(KeyDispatchCodec.java:56) ~[datafixerupper-6.0.8.jar%2375!/:?]
	at com.mojang.serialization.MapDecoder.lambda$compressedDecode$1(MapDecoder.java:52) ~[datafixerupper-6.0.8.jar%2375!/:?]
	at com.mojang.serialization.DataResult.lambda$flatMap$11(DataResult.java:139) ~[datafixerupper-6.0.8.jar%2375!/:?]
	at com.mojang.datafixers.util.Either$Left.map(Either.java:38) ~[datafixerupper-6.0.8.jar%2375!/:?]
	at com.mojang.serialization.DataResult.flatMap(DataResult.java:137) ~[datafixerupper-6.0.8.jar%2375!/:?]
	at com.mojang.serialization.MapDecoder.compressedDecode(MapDecoder.java:52) ~[datafixerupper-6.0.8.jar%2375!/:?]
	at com.mojang.serialization.MapCodec$MapCodecCodec.decode(MapCodec.java:91) ~[datafixerupper-6.0.8.jar%2375!/:?]
	at com.mojang.serialization.Decoder.parse(Decoder.java:18) ~[datafixerupper-6.0.8.jar%2375!/:?]
	at net.minecraftforge.common.loot.LootModifierManager.apply(LootModifierManager.java:79) ~[forge-1.20.1-47.3.7-universal.jar%23544!/:?]
	at net.minecraftforge.common.loot.LootModifierManager.m_5787_(LootModifierManager.java:38) ~[forge-1.20.1-47.3.7-universal.jar%23544!/:?]
	at net.minecraft.server.packs.resources.SimplePreparableReloadListener.m_10789_(SimplePreparableReloadListener.java:13) ~[server-1.20.1-20230612.114412-srg.jar%23539!/:?]
	at java.util.concurrent.CompletableFuture$UniAccept.tryFire(CompletableFuture.java:718) ~[?:?]
	at java.util.concurrent.CompletableFuture$Completion.run(CompletableFuture.java:482) ~[?:?]
	at net.minecraft.server.packs.resources.SimpleReloadInstance.m_143940_(SimpleReloadInstance.java:69) ~[server-1.20.1-20230612.114412-srg.jar%23539!/:?]
	at net.minecraft.Util.m_214652_(Util.java:783) ~[server-1.20.1-20230612.114412-srg.jar%23539!/:?]
	at net.minecraft.Util.m_214679_(Util.java:772) ~[server-1.20.1-20230612.114412-srg.jar%23539!/:?]
	at net.minecraft.server.Main.main(Main.java:166) ~[server-1.20.1-20230612.114412-srg.jar%23539!/:?]
	at jdk.internal.reflect.NativeMethodAccessorImpl.invoke0(Native Method) ~[?:?]
	at jdk.internal.reflect.NativeMethodAccessorImpl.invoke(NativeMethodAccessorImpl.java:77) ~[?:?]
	at jdk.internal.reflect.DelegatingMethodAccessorImpl.invoke(DelegatingMethodAccessorImpl.java:43) ~[?:?]
	at java.lang.reflect.Method.invoke(Method.java:569) ~[?:?]
	at net.minecraftforge.fml.loading.targets.CommonLaunchHandler.runTarget(CommonLaunchHandler.java:111) ~[fmlloader-1.20.1-47.3.7.jar%2367!/:?]
	at net.minecraftforge.fml.loading.targets.CommonLaunchHandler.serverService(CommonLaunchHandler.java:103) ~[fmlloader-1.20.1-47.3.7.jar%2367!/:?]
	at net.minecraftforge.fml.loading.targets.CommonServerLaunchHandler.lambda$makeService$0(CommonServerLaunchHandler.java:27) ~[fmlloader-1.20.1-47.3.7.jar%2367!/:?]
	at cpw.mods.modlauncher.LaunchServiceHandlerDecorator.launch(LaunchServiceHandlerDecorator.java:30) ~[modlauncher-10.0.9.jar%2353!/:?]
	at cpw.mods.modlauncher.LaunchServiceHandler.launch(LaunchServiceHandler.java:53) ~[modlauncher-10.0.9.jar%2353!/:?]
	at cpw.mods.modlauncher.LaunchServiceHandler.launch(LaunchServiceHandler.java:71) ~[modlauncher-10.0.9.jar%2353!/:?]
	at cpw.mods.modlauncher.Launcher.run(Launcher.java:108) ~[modlauncher-10.0.9.jar%2353!/:?]
	at cpw.mods.modlauncher.Launcher.main(Launcher.java:78) ~[modlauncher-10.0.9.jar%2353!/:?]
	at cpw.mods.modlauncher.BootstrapLaunchConsumer.accept(BootstrapLaunchConsumer.java:26) ~[modlauncher-10.0.9.jar%2353!/:?]
	at cpw.mods.modlauncher.BootstrapLaunchConsumer.accept(BootstrapLaunchConsumer.java:23) ~[modlauncher-10.0.9.jar%2353!/:?]
	at cpw.mods.bootstraplauncher.BootstrapLauncher.main(BootstrapLauncher.java:141) ~[bootstraplauncher-1.1.2.jar:?]
[17Jul2026 23:16:34.864] [main/WARN] [net.minecraftforge.common.loot.LootModifierManager/]: Could not decode GlobalLootModifier with json id crittersandcompanions:inject_clams - error: Unknown type 'neoforge:loot_table_id'
[17Jul2026 23:16:34.882] [main/INFO] [com.cupboard.Cupboard/]: Loaded config for: lootintegrations.json
[17Jul2026 23:16:34.898] [main/INFO] [twilightforest/]: Loaded 9 Stalactite configs!
[17Jul2026 23:16:35.037] [main/INFO] [Dungeon Crawl/]: Loading data...
[17Jul2026 23:16:35.365] [main/INFO] [Dungeon Crawl/]: Done.
[17Jul2026 23:16:35.366] [main/INFO] [com.teamabnormals.blueprint.core.Blueprint/]: Chunk Generator Modification Manager has loaded 0 modifier groups
[17Jul2026 23:16:35.381] [main/INFO] [quark-zeta/]: Modified advancement minecraft:husbandry/wax_on with 2 patches
[17Jul2026 23:16:35.382] [main/INFO] [quark-zeta/]: Modified advancement minecraft:adventure/kill_a_mob with 3 patches
[17Jul2026 23:16:35.382] [main/INFO] [quark-zeta/]: Modified advancement minecraft:husbandry/bred_all_animals with 3 patches
[17Jul2026 23:16:35.382] [main/INFO] [quark-zeta/]: Modified advancement minecraft:adventure/kill_all_mobs with 3 patches
[17Jul2026 23:16:35.383] [main/INFO] [quark-zeta/]: Modified advancement minecraft:husbandry/balanced_diet with 2 patches
[17Jul2026 23:16:35.383] [main/INFO] [quark-zeta/]: Modified advancement minecraft:nether/all_effects with 1 patches
[17Jul2026 23:16:35.383] [main/INFO] [quark-zeta/]: Modified advancement minecraft:husbandry/wax_off with 2 patches
[17Jul2026 23:16:35.384] [main/INFO] [quark-zeta/]: Modified advancement minecraft:adventure/adventuring_time with 1 patches
[17Jul2026 23:16:35.384] [main/INFO] [quark-zeta/]: Modified advancement minecraft:nether/all_potions with 1 patches
[17Jul2026 23:16:35.385] [main/INFO] [placebo/]: Registered 0 gear_sets.
[17Jul2026 23:16:35.551] [main/INFO] [com.ordana.immersive_weathering.ImmersiveWeathering/]: Loaded 78 block growths configurations
[17Jul2026 23:16:35.555] [main/INFO] [com.ordana.immersive_weathering.ImmersiveWeathering/]: Loaded 14 liquid generators configurations
[17Jul2026 23:16:35.575] [main/WARN] [ModernFix/]: Initial datapack load took 9.645 s
[17Jul2026 23:16:35.885] [Server thread/INFO] [net.minecraft.server.dedicated.DedicatedServer/]: Starting minecraft server version 1.20.1
[17Jul2026 23:16:35.887] [Server thread/INFO] [net.minecraft.server.dedicated.DedicatedServer/]: Loading properties
[17Jul2026 23:16:35.887] [Server thread/INFO] [net.minecraft.server.dedicated.DedicatedServer/]: Default game type: SURVIVAL
[17Jul2026 23:16:35.888] [Server thread/INFO] [net.minecraft.server.MinecraftServer/]: Generating keypair
[17Jul2026 23:16:36.021] [Server thread/INFO] [net.minecraft.server.dedicated.DedicatedServer/]: Starting Minecraft server on *:25565
[17Jul2026 23:16:36.148] [Server thread/INFO] [net.minecraft.server.network.ServerConnectionListener/]: Using epoll channel type
[17Jul2026 23:16:36.261] [Server thread/WARN] [net.minecraft.server.dedicated.DedicatedServer/]: **** SERVER IS RUNNING IN OFFLINE/INSECURE MODE!
[17Jul2026 23:16:36.261] [Server thread/WARN] [net.minecraft.server.dedicated.DedicatedServer/]: The server will make no attempt to authenticate usernames. Beware.
[17Jul2026 23:16:36.261] [Server thread/WARN] [net.minecraft.server.dedicated.DedicatedServer/]: While this makes the game possible to play without internet access, it also opens up the ability for hackers to connect with any username they choose.
[17Jul2026 23:16:36.261] [Server thread/WARN] [net.minecraft.server.dedicated.DedicatedServer/]: To change this, set "online-mode" to "true" in the server.properties file.
[17Jul2026 23:16:36.304] [Server thread/INFO] [Puzzles Lib/]: Loading server config for mutantmonsters
[17Jul2026 23:16:36.943] [Server thread/INFO] [spark/]: Starting background profiler...
[17Jul2026 23:16:37.624] [Server thread/INFO] [zeta/]: Server starting, accepting filewatcher changes for zeta's config
[17Jul2026 23:16:37.629] [Server thread/INFO] [AutoMessage/]: [AutoMessage] [SERVER] Attempting to read automessage-server.json
[17Jul2026 23:16:37.630] [Server thread/INFO] [STDOUT/]: [forge.com.cursee.automessage.core.abstraction.AbstractMessageService:initialize:70]: Enabled? false
[17Jul2026 23:16:37.632] [Server thread/INFO] [AutoMessage/]: [AutoMessage] [SERVER] Message Service loaded 1 messages
[17Jul2026 23:16:37.633] [Server thread/INFO] [AutoMessage/]: [AutoMessage] [SERVER] Message Service loaded in 0.003661568s
[17Jul2026 23:16:37.648] [Server thread/INFO] [quark-zeta/]: Server starting, accepting filewatcher changes for quark's config
[17Jul2026 23:16:37.681] [Server thread/INFO] [terrablender/]: Initialized TerraBlender biomes for level stem minecraft:the_nether
[17Jul2026 23:16:38.194] [Server thread/INFO] [terrablender/]: Initialized TerraBlender biomes for level stem minecraft:overworld
[17Jul2026 23:16:38.196] [Server thread/INFO] [net.minecraft.server.dedicated.DedicatedServer/]: Preparing level "world"
[17Jul2026 23:16:38.734] [Server thread/INFO] [incontrol/]: Reading rules from areas.json
[17Jul2026 23:16:38.744] [Server thread/INFO] [incontrol/]: Reading rules from spawn.json
[17Jul2026 23:16:38.746] [Server thread/INFO] [incontrol/]: Reading rules from summonaid.json
[17Jul2026 23:16:38.749] [Server thread/INFO] [incontrol/]: Reading rules from loot.json
[17Jul2026 23:16:38.750] [Server thread/INFO] [incontrol/]: Reading rules from experience.json
[17Jul2026 23:16:38.751] [Server thread/INFO] [incontrol/]: Reading rules from phases.json
[17Jul2026 23:16:38.752] [Server thread/INFO] [incontrol/]: Reading rules from effects.json
[17Jul2026 23:16:38.754] [Server thread/INFO] [incontrol/]: Reading rules from breakevents.json
[17Jul2026 23:16:38.756] [Server thread/INFO] [incontrol/]: Reading rules from placeevents.json
[17Jul2026 23:16:38.758] [Server thread/INFO] [incontrol/]: Reading rules from rightclicks.json
[17Jul2026 23:16:38.759] [Server thread/INFO] [incontrol/]: Reading rules from leftclicks.json
[17Jul2026 23:16:38.761] [Server thread/INFO] [incontrol/]: Reading rules from spawner.json
[17Jul2026 23:16:38.763] [Server thread/INFO] [incontrol/]: Reading rules from events.json
[17Jul2026 23:16:39.006] [Server thread/WARN] [net.minecraft.network.syncher.SynchedEntityData/]: defineId called for: class de.maxhenkel.car.entity.car.base.EntityCarInventoryBase from class de.maxhenkel.car.entity.car.base.EntityCarLockBase
[17Jul2026 23:16:40.054] [Server thread/WARN] [com.structureessentials.StructureEssentials/]: Non-unique structure_set salt:0 potentially creating overlapping structures detected. Structure sets: [twilightforest:dark_tower, minecraft:mineshafts, twilightforest:final_castle, twilightforest:large_hollow_hill, twilightforest:mushroom_tower, twilightforest:hedge_maze, minecraft:buried_treasures, twilightforest:aurora_palace, twilightforest:labyrinth, twilightforest:lich_tower, twilightforest:naga_courtyard, twilightforest:yeti_cave, twilightforest:quest_grove, twilightforest:small_hollow_hill, minecraft:strongholds, twilightforest:troll_cave, twilightforest:medium_hollow_hill, twilightforest:knight_stronghold, twilightforest:hydra_lair]
[17Jul2026 23:16:40.055] [Server thread/WARN] [com.structureessentials.StructureEssentials/]: Non-unique structure_set salt:598017285 potentially creating overlapping structures detected. Structure sets: [graveyard:small_desert_graveyard_structure, graveyard:small_graveyard_structure]
[17Jul2026 23:16:40.055] [Server thread/WARN] [com.structureessentials.StructureEssentials/]: Non-unique structure_set salt:10387313 potentially creating overlapping structures detected. Structure sets: [minecraft:ocean_monuments, dungeoncrawl:dungeons, minecraft:end_cities]
[17Jul2026 23:16:40.056] [Server thread/INFO] [net.minecraft.server.MinecraftServer/]: Preparing start region for dimension minecraft:overworld
[17Jul2026 23:16:40.060] [Server thread/WARN] [mixin/]: Method overwrite conflict for removeIf in lithium.mixins.json:world.chunk_tickets.SortedArraySetMixin, previously written by org.embeddedt.modernfix.common.mixin.bugfix.paper_chunk_patches.SortedArraySetMixin. Skipping method.
[17Jul2026 23:16:40.394] [Server thread/WARN] [mixin/]: @Redirect conflict. Skipping mixins.redirected_forge_1.20.1.json:net.minecraft.world.level.block.state.CacheMixin->@Redirect::redirectSupportTypes()[Lnet/minecraft/world/level/block/SupportType; with priority 10, already redirected by modernfix-modernfix.mixins.json:perf.cache_blockstate_cache_arrays.AbstractBlockStateCacheMixin->@Redirect::getVoxelShapeValues()[Lnet/minecraft/world/level/block/SupportType; with priority 1000
[17Jul2026 23:16:41.669] [Server thread/INFO] [net.minecraft.server.level.progress.LoggerChunkProgressListener/]: Preparing spawn area: 0%
[17Jul2026 23:16:41.693] [Server thread/INFO] [net.minecraft.server.level.progress.LoggerChunkProgressListener/]: Preparing spawn area: 0%
[17Jul2026 23:16:41.696] [Server thread/INFO] [net.minecraft.server.level.progress.LoggerChunkProgressListener/]: Preparing spawn area: 0%
[17Jul2026 23:16:41.716] [Server thread/INFO] [net.minecraft.server.level.progress.LoggerChunkProgressListener/]: Preparing spawn area: 0%
[17Jul2026 23:16:42.081] [Server thread/INFO] [net.minecraft.server.level.progress.LoggerChunkProgressListener/]: Preparing spawn area: 0%
[17Jul2026 23:16:42.429] [Server thread/INFO] [com.cupboard.Cupboard/]: Loaded config for: limitedchunks.json
[17Jul2026 23:16:42.728] [Server thread/INFO] [net.minecraft.server.level.progress.LoggerChunkProgressListener/]: Time elapsed: 2672 ms
[17Jul2026 23:16:42.730] [Server thread/INFO] [net.minecraft.server.dedicated.DedicatedServer/]: Done (6.450s)! For help, type "help"
[17Jul2026 23:16:42.901] [Server thread/INFO] [net.minecraftforge.server.permission.PermissionAPI/]: Successfully initialized permission handler forge:default_handler
[17Jul2026 23:16:42.915] [Server thread/INFO] [puffish_skills/]: [puffish_skills] Mod configuration loaded successfully!
[17Jul2026 23:16:43.006] [Server thread/INFO] [puffish_skills/]: [puffish_skills] Data pack `puffish_skills` loaded successfully!
[17Jul2026 23:16:43.062] [Server thread/ERROR] [net.bettercombat.logic.WeaponRegistry/]: Failed to resolve weapon attributes for: apocalypsenow:executioners_sword. Reason: Non [a-z0-9/._-] character in path of location: bettercombat:Claymore
[17Jul2026 23:16:43.063] [Server thread/INFO] [STDERR/]: [net.bettercombat.logic.WeaponRegistry:resolveAttributes:121]: net.minecraft.ResourceLocationException: Non [a-z0-9/._-] character in path of location: bettercombat:Claymore
[17Jul2026 23:16:43.063] [Server thread/INFO] [STDERR/]: [net.bettercombat.logic.WeaponRegistry:resolveAttributes:121]: 	at TRANSFORMER/minecraft@1.20.1/net.minecraft.resources.ResourceLocation.m_245185_(ResourceLocation.java:236)
[17Jul2026 23:16:43.063] [Server thread/INFO] [STDERR/]: [net.bettercombat.logic.WeaponRegistry:resolveAttributes:121]: 	at TRANSFORMER/minecraft@1.20.1/net.minecraft.resources.ResourceLocation.<init>(ResourceLocation.java:38)
[17Jul2026 23:16:43.063] [Server thread/INFO] [STDERR/]: [net.bettercombat.logic.WeaponRegistry:resolveAttributes:121]: 	at TRANSFORMER/minecraft@1.20.1/net.minecraft.resources.ResourceLocation.<init>(ResourceLocation.java:42)
[17Jul2026 23:16:43.063] [Server thread/INFO] [STDERR/]: [net.bettercombat.logic.WeaponRegistry:resolveAttributes:121]: 	at TRANSFORMER/minecraft@1.20.1/net.minecraft.resources.ResourceLocation.<init>(ResourceLocation.java:46)
[17Jul2026 23:16:43.064] [Server thread/INFO] [STDERR/]: [net.bettercombat.logic.WeaponRegistry:resolveAttributes:121]: 	at TRANSFORMER/bettercombat@1.9.0+1.20.1/net.bettercombat.logic.WeaponRegistry.resolveAttributes(WeaponRegistry.java:101)
[17Jul2026 23:16:43.064] [Server thread/INFO] [STDERR/]: [net.bettercombat.logic.WeaponRegistry:resolveAttributes:121]: 	at TRANSFORMER/bettercombat@1.9.0+1.20.1/net.bettercombat.logic.WeaponRegistry.resolveAndRegisterAttributes(WeaponRegistry.java:127)
[17Jul2026 23:16:43.064] [Server thread/INFO] [STDERR/]: [net.bettercombat.logic.WeaponRegistry:resolveAttributes:121]: 	at TRANSFORMER/bettercombat@1.9.0+1.20.1/net.bettercombat.logic.WeaponRegistry.lambda$loadAttributes$0(WeaponRegistry.java:67)
[17Jul2026 23:16:43.065] [Server thread/INFO] [STDERR/]: [net.bettercombat.logic.WeaponRegistry:resolveAttributes:121]: 	at java.base/java.util.HashMap.forEach(HashMap.java:1421)
[17Jul2026 23:16:43.065] [Server thread/INFO] [STDERR/]: [net.bettercombat.logic.WeaponRegistry:resolveAttributes:121]: 	at TRANSFORMER/bettercombat@1.9.0+1.20.1/net.bettercombat.logic.WeaponRegistry.loadAttributes(WeaponRegistry.java:63)
[17Jul2026 23:16:43.065] [Server thread/INFO] [STDERR/]: [net.bettercombat.logic.WeaponRegistry:resolveAttributes:121]: 	at TRANSFORMER/bettercombat@1.9.0+1.20.1/net.bettercombat.BetterCombat.lambda$onInitialize$0(BetterCombat.java:41)
[17Jul2026 23:16:43.066] [Server thread/INFO] [STDERR/]: [net.bettercombat.logic.WeaponRegistry:resolveAttributes:121]: 	at TRANSFORMER/bettercombat@1.9.0+1.20.1/net.bettercombat.forge.events.ForgeEvents.lambda$onSererStart$2(ForgeEvents.java:31)
[17Jul2026 23:16:43.066] [Server thread/INFO] [STDERR/]: [net.bettercombat.logic.WeaponRegistry:resolveAttributes:121]: 	at java.base/java.util.ArrayList.forEach(ArrayList.java:1511)
[17Jul2026 23:16:43.066] [Server thread/INFO] [STDERR/]: [net.bettercombat.logic.WeaponRegistry:resolveAttributes:121]: 	at TRANSFORMER/bettercombat@1.9.0+1.20.1/net.bettercombat.forge.events.ForgeEvents.onSererStart(ForgeEvents.java:31)
[17Jul2026 23:16:43.067] [Server thread/INFO] [STDERR/]: [net.bettercombat.logic.WeaponRegistry:resolveAttributes:121]: 	at TRANSFORMER/bettercombat@1.9.0+1.20.1/net.bettercombat.forge.events.__ForgeEvents_onSererStart_ServerStartedEvent.invoke(.dynamic)
[17Jul2026 23:16:43.067] [Server thread/INFO] [STDERR/]: [net.bettercombat.logic.WeaponRegistry:resolveAttributes:121]: 	at MC-BOOTSTRAP/net.minecraftforge.eventbus/net.minecraftforge.eventbus.ASMEventHandler.invoke(ASMEventHandler.java:73)
[17Jul2026 23:16:43.067] [Server thread/INFO] [STDERR/]: [net.bettercombat.logic.WeaponRegistry:resolveAttributes:121]: 	at MC-BOOTSTRAP/net.minecraftforge.eventbus/net.minecraftforge.eventbus.EventBus.post(EventBus.java:315)
[17Jul2026 23:16:43.068] [Server thread/INFO] [STDERR/]: [net.bettercombat.logic.WeaponRegistry:resolveAttributes:121]: 	at MC-BOOTSTRAP/net.minecraftforge.eventbus/net.minecraftforge.eventbus.EventBus.post(EventBus.java:296)
[17Jul2026 23:16:43.068] [Server thread/INFO] [STDERR/]: [net.bettercombat.logic.WeaponRegistry:resolveAttributes:121]: 	at TRANSFORMER/forge@47.3.7/net.minecraftforge.server.ServerLifecycleHooks.handleServerStarted(ServerLifecycleHooks.java:115)
[17Jul2026 23:16:43.068] [Server thread/INFO] [STDERR/]: [net.bettercombat.logic.WeaponRegistry:resolveAttributes:121]: 	at TRANSFORMER/minecraft@1.20.1/net.minecraft.server.MinecraftServer.m_130011_(MinecraftServer.java:638)
[17Jul2026 23:16:43.069] [Server thread/INFO] [STDERR/]: [net.bettercombat.logic.WeaponRegistry:resolveAttributes:121]: 	at TRANSFORMER/minecraft@1.20.1/net.minecraft.server.MinecraftServer.m_206580_(MinecraftServer.java:251)
[17Jul2026 23:16:43.069] [Server thread/INFO] [STDERR/]: [net.bettercombat.logic.WeaponRegistry:resolveAttributes:121]: 	at java.base/java.lang.Thread.run(Thread.java:840)
[17Jul2026 23:16:43.124] [Server thread/INFO] [net.bettercombat.logic.WeaponRegistry/]: Encoded Weapon Attribute registry size: 246820 bytes (uncompressed), 9428 bytes (compressed), compression ratio: 96.2% (in 1 string chunks with the size of 10000)
[17Jul2026 23:16:43.126] [Server thread/INFO] [com.cupboard.Cupboard/]: Loaded config for: smoothchunk.json
[17Jul2026 23:16:43.127] [Server thread/INFO] [com.cupboard.Cupboard/]: Loaded config for: betterfpsdist.json
[17Jul2026 23:16:43.128] [Server thread/INFO] [com.cupboard.Cupboard/]: Loaded config for: chunksending.json
[17Jul2026 23:16:43.130] [Server thread/WARN] [voicechat/]: [voicechat] Running in offline mode - Voice chat encryption is not secure!
[17Jul2026 23:16:43.150] [VoiceChatServerThread/INFO] [voicechat/]: [voicechat] Voice chat server started at port 24454
[17Jul2026 23:16:43.152] [Server thread/WARN] [ModernFix/]: Dedicated server took 73.695 seconds to load
[17Jul2026 23:16:43.835] [Server thread/INFO] [dev.corgitaco.enhancedcelestials.EnhancedCelestials/]: Possible lunar events for dimension "minecraft:overworld" are [enhancedcelestials:super_moon, enhancedcelestials:super_harvest_moon, enhancedcelestials:harvest_moon, enhancedcelestials:super_blood_moon, enhancedcelestials:blood_moon, enhancedcelestials:super_blue_moon, enhancedcelestials:blue_moon].
[17Jul2026 23:17:03.255] [Server thread/WARN] [net.minecraft.network.syncher.SynchedEntityData/]: defineId called for: class net.minecraft.world.entity.player.Player from class tschipp.carryon.common.carry.CarryOnDataManager
[17Jul2026 23:17:03.471] [Server thread/INFO] [net.minecraft.server.players.PlayerList/]: Lamessimal[/100.108.210.11:60301] logged in with entity id 1052 at (4125.504246437609, 67.0, 3384.6458377387116)
[17Jul2026 23:17:03.897] [Server thread/INFO] [ModernFix/]: Using enhanced recipe sync for player Lamessimal
[17Jul2026 23:17:04.016] [Server thread/INFO] [net.minecraft.server.MinecraftServer/]: Lamessimal joined the game
[17Jul2026 23:17:04.173] [Server thread/INFO] [Jade/]: Syncing config to Lamessimal (18585fb0-b3ac-3db8-a67b-4b78e90f4df9)
[17Jul2026 23:17:05.010] [Server thread/INFO] [voicechat/]: [voicechat] Received secret request of Lamessimal (20)
[17Jul2026 23:17:05.017] [Server thread/INFO] [voicechat/]: [voicechat] Sent secret to Lamessimal
[17Jul2026 23:17:05.577] [Server thread/INFO] [de.keksuccino.fancymenu.networking.packets.handshake.ServerSideHandshakePacketLogic/]: [FANCYMENU] A client with FancyMenu installed joined the server: Lamessimal
[17Jul2026 23:17:08.936] [Server thread/WARN] [waterframes/]: Server seems overloading, jumping 3129ms or 62 ticks
[17Jul2026 23:17:11.498] [VoiceChatPacketProcessingThread/INFO] [voicechat/]: [voicechat] Successfully authenticated player 18585fb0-b3ac-3db8-a67b-4b78e90f4df9
[17Jul2026 23:17:12.495] [VoiceChatPacketProcessingThread/INFO] [voicechat/]: [voicechat] Successfully validated connection of player 18585fb0-b3ac-3db8-a67b-4b78e90f4df9
[17Jul2026 23:17:12.498] [VoiceChatPacketProcessingThread/INFO] [voicechat/]: [voicechat] Player Lamessimal (18585fb0-b3ac-3db8-a67b-4b78e90f4df9) successfully connected to voice chat
[17Jul2026 23:20:40.223] [Server thread/INFO] [net.minecraft.server.MinecraftServer/]: [Lamessimal: Set own game mode to Creative Mode]
[17Jul2026 23:20:58.232] [Server thread/INFO] [net.minecraft.server.MinecraftServer/]: Lamessimal has completed the challenge [Cover Me in Debris]
[17Jul2026 23:22:32.530] [Server thread/INFO] [net.minecraft.server.MinecraftServer/]: [Lamessimal: Set own game mode to Survival Mode]
[17Jul2026 23:22:42.454] [Server thread/INFO] [net.minecraft.server.MinecraftServer/]: Banned Lamessimal: Banned by an operator.
[17Jul2026 23:22:42.479] [Server thread/INFO] [net.minecraft.server.network.ServerGamePacketListenerImpl/]: Lamessimal lost connection: You are banned from this server
[17Jul2026 23:22:42.480] [Server thread/INFO] [net.minecraft.server.MinecraftServer/]: Lamessimal left the game
[17Jul2026 23:22:42.489] [Server thread/INFO] [voicechat/]: [voicechat] Disconnecting client Lamessimal
[17Jul2026 23:23:29.954] [Server thread/INFO] [net.minecraft.server.network.ServerLoginPacketListenerImpl/]: Disconnecting com.mojang.authlib.GameProfile@13fa4d71[id=18585fb0-b3ac-3db8-a67b-4b78e90f4df9,name=Lamessimal,properties={},legacy=false] (/100.108.210.11:60352): You are banned from this server.
Reason: Banned by an operator.
[17Jul2026 23:23:29.955] [Server thread/INFO] [net.minecraft.server.network.ServerLoginPacketListenerImpl/]: com.mojang.authlib.GameProfile@13fa4d71[id=18585fb0-b3ac-3db8-a67b-4b78e90f4df9,name=Lamessimal,properties={},legacy=false] (/100.108.210.11:60352) lost connection: You are banned from this server.
Reason: Banned by an operator.
[17Jul2026 23:23:30.004] [Server thread/WARN] [net.minecraft.network.Connection/]: handleDisconnection() called twice
[17Jul2026 23:23:55.405] [Server thread/INFO] [net.minecraft.server.MinecraftServer/]: Saving the game (this may take a moment!)
[17Jul2026 23:23:55.551] [Server thread/INFO] [net.minecraft.server.MinecraftServer/]: Saved the game
[17Jul2026 23:23:56.904] [Server thread/INFO] [net.minecraft.server.MinecraftServer/]: Stopping the server
[17Jul2026 23:23:56.973] [Server thread/INFO] [AllTheLeaks/]: Method invalidateAll at mixin dev.uncandango.alltheleaks.mixin.core.main.FakeLevelManagerMixin cancelled due to not matching hash: Actual -2034214357, Expected: [-1241170928]
[17Jul2026 23:23:56.979] [Server thread/INFO] [AllTheLeaks/]: Mixin annotation @Lcom/llamalad7/mixinextras/injector/wrapoperation/WrapOperation;(at={@Lorg/spongepowered/asm/mixin/injection/At;(args={}, value="INVOKE", target="Ljava/util/Map;values()Ljava/util/Collection;")}, method={}, slice={}) at mixin dev.uncandango.alltheleaks.mixin.core.main.FakeLevelManagerMixin removed due to no methods available
[17Jul2026 23:23:56.980] [Server thread/WARN] [mixinsquared-annotation-adjuster/]: Modified mixin "dev.uncandango.alltheleaks.mixin.core.main.FakeLevelManagerMixin". Check debug logs for more information.
[17Jul2026 23:23:57.027] [Server thread/INFO] [net.minecraft.server.MinecraftServer/]: Stopping server
[17Jul2026 23:23:57.029] [Server thread/INFO] [net.minecraft.server.MinecraftServer/]: Saving players
[17Jul2026 23:23:57.031] [Server thread/INFO] [net.minecraft.server.MinecraftServer/]: Saving worlds
[17Jul2026 23:23:57.137] [Server thread/INFO] [net.minecraft.server.MinecraftServer/]: Saving chunks for level 'ServerLevel[world]'/minecraft:overworld
[17Jul2026 23:23:57.336] [Server thread/INFO] [net.minecraft.server.MinecraftServer/]: Saving chunks for level 'ServerLevel[world]'/minecraft:the_end
[17Jul2026 23:23:57.340] [Server thread/INFO] [net.minecraft.server.MinecraftServer/]: Saving chunks for level 'ServerLevel[world]'/minecraft:the_nether
[17Jul2026 23:23:57.341] [Server thread/INFO] [net.minecraft.server.MinecraftServer/]: Saving chunks for level 'ServerLevel[world]'/twilightforest:twilight_forest
[17Jul2026 23:23:57.342] [Server thread/INFO] [net.minecraft.server.MinecraftServer/]: Saving chunks for level 'ServerLevel[world]'/lostcities:lostcity
[17Jul2026 23:23:57.343] [Server thread/INFO] [net.minecraft.server.MinecraftServer/]: Saving chunks for level 'ServerLevel[world]'/deeperdarker:otherside
[17Jul2026 23:23:57.346] [Server thread/INFO] [net.minecraft.server.MinecraftServer/]: Saving chunks for level 'ServerLevel[world]'/graveyard:past
[17Jul2026 23:23:57.459] [Server thread/INFO] [net.minecraft.server.MinecraftServer/]: ThreadedAnvilChunkStorage (world): All chunks are saved
[17Jul2026 23:23:57.459] [Server thread/INFO] [net.minecraft.server.MinecraftServer/]: ThreadedAnvilChunkStorage (DIM1): All chunks are saved
[17Jul2026 23:23:57.459] [Server thread/INFO] [net.minecraft.server.MinecraftServer/]: ThreadedAnvilChunkStorage (DIM-1): All chunks are saved
[17Jul2026 23:23:57.460] [Server thread/INFO] [net.minecraft.server.MinecraftServer/]: ThreadedAnvilChunkStorage (twilight_forest): All chunks are saved
[17Jul2026 23:23:57.462] [Server thread/INFO] [net.minecraft.server.MinecraftServer/]: ThreadedAnvilChunkStorage (lostcity): All chunks are saved
[17Jul2026 23:23:57.462] [Server thread/INFO] [net.minecraft.server.MinecraftServer/]: ThreadedAnvilChunkStorage (otherside): All chunks are saved
[17Jul2026 23:23:57.462] [Server thread/INFO] [net.minecraft.server.MinecraftServer/]: ThreadedAnvilChunkStorage (past): All chunks are saved
[17Jul2026 23:23:57.462] [Server thread/INFO] [net.minecraft.server.MinecraftServer/]: ThreadedAnvilChunkStorage: All dimensions are saved
